Id;Breed; Age_in_years ;Age_in_months;Gender;Neutered_or_spayed;Body_length;Weight;Fur_colour_dominant;Fur_pattern;Eye_colour;Allowed_outdoor;Preferred_food;Owner_play_time_minutes;Sleep_time_hours;Country;Latitude;Longitude
1;Angora; 0.25 ;3;female;FALSE;19;2;white;solid;blue;FALSE;wet;46;16;France;43.296.482;536.978
2;Angora; 0.33 ;4;male;FALSE;19; 2.5 ;white;solid;blue;FALSE;wet;48;16;France;4.361.166;387.771
3;Angora; 0.5 ;;;FALSE;20; 2.8 ;what does it mean dominant?;solid;green;I never allow my kitty outside!!!!!;wet;41;11;France;44.837.789;-0.57918
4;Ankora; 0.5 ;;;FALSE;21;3;white;dirty;blue;FALSE;wet;24;8;France;4.361.166;387.771
5;Angora; 0.5 ;;;;21;3;red/cream;tabby;green;FALSE;wet;51;10;france;48.864.716;2.349.014
6;; 0.5 ;6;female;FALSE;21;3;white;solid;amber;FALSE;a lot of food;30;28;France;4.361.166;387.771
7;Angora; 0.58 ;;;;22;3;white;solid;amber;FALSE;wet;47;9;France;47.218.371;-1.553.621
8;Angora;;7;;;23;3;red/cream;;cute;FALSE;wet;55;11;France;47.218.371;-1.553.621
9;Angora;;7;female;;25;3;black;;blue;FALSE;wet;20;12;France;43.296.482;536.978
10;Angora;;8;female;;25;320;white;;blue;FALSE;wet;33;17;France;44.837.789;-0.57918
11;; 0.67 ;8;female;FALSE;26;3;black;solid;green;FALSE;wet;39;18;France;43.296.482;536.978
12;Angora; 0.67 ;8;male;;26; 3.3 ;white;;amber;FALSE;wet;;;France;4.361.166;387.771
13;Angora; 0.75 ;9;male;;27; 3.3 ;white;;amber;FALSE;wet;;;France;48.864.716;2.349.014
14;Angora;-1083333333,00;-13;male;;28; 3.2 ;white;solid;blue;FALSE;wet;35;14;France;4.576.342;4.834.277
15;Angora;-1333333333,00;-16;male;;30; 3.5 ;red/cream;tabby;blue;FALSE;dry;38;20;France;48.864.716;2.349.014
16;; 0.83 ;10;male;FALSE;31; 3.4 ;white;solid;green;FALSE;dry;56;17;France;48.864.716;2.349.014
17;;;;;;;;;;green;FALSE;wet;48;14;;47.218.371;-1.553.621
18;; 0.92 ;11;female;TRUE;31; 3.9 ;white;solid;;;wet;55;32;;44.837.789;-0.57918
19;Angora;-1,00;-12;male;;31; 3.5 ;white;solid;blue;TRUE;wet;42;14;;43.296.482;536.978
20;Angora;1,00;12;male;;35; 3.9 ;white;solid;amber;FALSE;wet;41;17;;4.576.342;4.834.277
21;Angora; 4.33 ;;male;;25;4;white;solid;blue;FALSE;dry;36;14;France;44.837.789;-0.57918
22;angora; 1.17 ;;female;;34; 3.8 ;white;solid;blue;TRUE;wet;23;17;France;48.864.716;2.349.014
23;Ankora;3,00;;male;TRUE;38;5;white;solid;amber;FALSE;wet;16;14;France;43.296.482;536.978
24;Ankora; 1.17 ;;female;TRUE;25;3;white;solid;amber;FALSE;wet;19;17;France;4.576.342;4.834.277
25;Angora;4,00;;male;TRUE;39; 4.6 ;white;dirty;cute;FALSE;wet;33;14;La France!!!!;4.576.342;4.834.277
26;Angora; 5.83 ;;male;TRUE;37; 4.6 ;black;solid;green;TRUE;dry;9;16;France;48.864.716;2.349.014
27;Angora; 1.25 ;15;female;TRUE;26; 3.4 ;white;solid;blue;FALSE;wet;25;15;France;43.296.482;536.978
28;Angora; 5.33 ;64;male;TRUE;44; 4.6 ;white;solid;blue;TRUE;wet;20;16;France;44.837.789;-0.57918
29;Angora;;15;male;TRUE;40; 3.8 ;red/cream;tabby;blue;FALSE;wet;35;17;France;4.576.342;4.834.277
30;Angora;;59;male;FALSE;41;5;black;solid;green;FALSE;dry;31;14;France;47.218.371;-1.553.621
31;Angora;;18;male;FALSE;40; 3.6 ;white;solid;;FALSE;wet;27;14;France;43.296.482;536.978
32;Angora; 1.58 ;19;female;TRUE;33; 3.5 ;white;solid;;FALSE;dry;18;18;France;48.864.716;2.349.014
33;Angora; 1.58 ;19;female;TRUE;33; 3.2 ;white;solid;;TRUE;wet;12;19;france;48.864.716;2.349.014
34;Angora; 4.5 ;54;male;TRUE;37; 5.6 ;white;solid;;FALSE;wet;9;14;France;47.218.371;-1.553.621
35;Angora; 4.75 ;57;;FALSE;41; 4.2 ;black;solid;;TRUE;dry;19;14;France;44.837.789;-0.57918
36;; 1.67 ;20;female;TRUE;35;5;white;solid;;;wet;10;15;France;4.576.342;4.834.277
37;; 1.67 ;20;male;TRUE;28; 3.1 ;white;solid;;;wet;39;18;France;43.296.482;536.978
38;; 1.67 ;20;male;FALSE;36; 3.9 ;black;solid;;;wet;35;19;France;4.361.166;387.771
39;; 1.75 ;21;female;TRUE;28; 4.9 ;white;solid;amber;FALSE;wet;10;17;France;48.864.716;2.349.014
40;Angora; 1.75 ;21;;TRUE;34; 4.7 ;black;solid;;FALSE;dry;23;19;France;4.576.342;4.834.277
41;Angora; 1.75 ;21;;FALSE;34;4;white;solid;blue;TRUE;wet;25;20;France;44.837.789;-0.57918
42;Angora; 1.83 ;22;;TRUE;22; 2.9 ;black;solid;green;FALSE;wet;40;20;france;44.837.789;-0.57918
43;Angora; 1.83 ;22;;FALSE;41; 4.7 ;white;solid;blue;FALSE;dry;45;20;France;4.361.166;387.771
44;Ankora; 1.83 ;22;;TRUE;24; 4.3 ;black;bicolor;amber;TRUE;wet;30;16;France;48.864.716;2.349.014
45;Ankora; 1.92 ;23;;FALSE;35; 2.7 ;white;solid;amber;FALSE;dry;21;18;France;4.361.166;387.771
46;Ankora; 1.92 ;;;TRUE;33; 3.4 ;white;solid;amber;FALSE;wet;14;16;France;44.837.789;-0.57918
47;Angora;2,00;;female;FALSE;32; 2.4 ;black;solid;green;FALSE;wet;11;14;France;47.218.371;-1.553.621
48;Angora;2,00;;female;TRUE;35; 3.8 ;white;solid;blue;FALSE;wet;15;14;France;48.864.716;2.349.014
49;Angora;2,00;;male;TRUE;38; 3.7 ;white;solid;blue;TRUE;dry;23;16;France;44.837.789;-0.57918
50;Angora; 2.08 ;;female;FALSE;33; 2.9 ;white;solid;amber;FALSE;wet;36;14;France;48.864.716;2.349.014
51;Angora; 2.08 ;;male;FALSE;41; 4.1 ;black;solid;cute;FALSE;wet;11;16;France;48.864.716;2.349.014
52;Angora; 2.17 ;;female;TRUE;35; 2.6 ;white;solid;blue;FALSE;wet;28;17;France;48.864.716;2.349.014
53;Angora; 2.25 ;27;male;FALSE;38; 4.6 ;red/cream;tabby;blue;FALSE;wet;11;14;France;44.837.789;-0.57918
54;Angora; 2.25 ;27;female;FALSE;34; 3.7 ;black;solid;green;FALSE;wet;10;14;France;4.361.166;387.771
55;Angora; 2.25 ;27;male;TRUE;25; 3.1 ;white;solid;amber;FALSE;wet;39;16;France;47.218.371;-1.553.621
56;Angora; 2.25 ;27;male;TRUE;38; 5.3 ;white;solid;amber;FALSE;wet;39;14;Vive la France!;48.864.716;2.349.014
57;Angora; 2.33 ;28;female;FALSE;36;4;red/cream;solid;blue;FALSE;dry;19;14;France;47.218.371;-1.553.621
58;Angora; 2.33 ;28;female;FALSE;36; 2.4 ;white;dirty;blue;FALSE;wet;19;16;France;4.576.342;4.834.277
59;Angora; 2.33 ;28;male;TRUE;39; 3.9 ;white;solid;blue;FALSE;wet;34;14;France;4.576.342;4.834.277
60;; 2.33 ;28;female;TRUE;36; 3.3 ;white;solid;amber;FALSE;dry;32;17;France;4.576.342;4.834.277
61;; 2.33 ;28;female;TRUE;39; 2.7 ;black;solid;green;TRUE;dry;33;14;France;43.296.482;536.978
62;; 2.42 ;29;male;FALSE;39; 4.3 ;white;solid;blue;FALSE;wet;37;14;France;48.864.716;2.349.014
63;; 2.5 ;30;female;TRUE;35; 3.6 ;white;solid;green;FALSE;wet;18;14;France;44.837.789;-0.57918
64;; 2.5 ;30;male;FALSE;37; 4.7 ;white;solid;amber;FALSE;wet;44;16;France;44.837.789;-0.57918
65;; 2.58 ;31;male;TRUE;40; 4.5 ;red/cream;solid;blue;FALSE;wet;38;14;France;48.864.716;2.349.014
66;; 2.58 ;31;;;;;;;;;;30;16;France;44.837.789;-0.57918
67;Angora; 2.67 ;32;female;TRUE;38; 3.9 ;red/cream;solid;blue;FALSE;wet;37;14;France;44.837.789;-0.57918
68;Angora; 2.67 ;32;male;FALSE;40;4;black;solid;blue;FALSE;dry;30;14;France;43.296.482;536.978
69;Angora; 2.67 ;32;female;TRUE;34; 3.9 ;black;solid;green;TRUE;dry;21;14;France;4.576.342;4.834.277
70;Angora; 2.92 ;35;female;TRUE;34; 4.1 ;white;solid;green;TRUE;wet;28;14;France;43.296.482;536.978
71;Angora; 2.92 ;35;female;TRUE;32; 2.5 ;white;solid;amber;FALSE;wet;33;14;France;48.864.716;2.349.014
72;Angora; 2.92 ;35;male;TRUE;41; 3.8 ;white;solid;amber;FALSE;wet;21;14;USA;4.071.427;-7.400.597
73;Angora; 2.92 ;35;male;FALSE;39; 4.1 ;white;solid;blue;FALSE;wet;28;14;USA;4.071.427;-7.400.597
74;Angora;3,00;36;male;TRUE;39; 4.4 ;white;solid;green;FALSE;dry;16;15;USA;4.071.427;-7.400.597
75;Angora;3,00;36;male;FALSE;39; 4.8 ;white;solid;blue;FALSE;wet;44;14;USA;3.777.493;-12.241.942
76;Angora; 3.08 ;37;male;TRUE;39; 5.1 ;red/cream;tabby;blue;FALSE;dry;25;16;USA;4.760.621;-12.233.207
77;Ankora; 3.08 ;37;male;TRUE;38; 3.7 ;black;solid;green;TRUE;wet;25;14;USA;4.760.621;-12.233.207
78;Ankora; 3.08 ;37;male;TRUE;40; 5.3 ;white;solid;blue;FALSE;dry;11;14;France;44.837.789;-0.57918
79;Ankora; 3.17 ;38;female;FALSE;36;4;white;solid;amber;FALSE;wet;11;14;USA;4.071.427;-7.400.597
80;Angora; 3.25 ;39;male;FALSE;40; 4.5 ;black;bicolor;blue;FALSE;wet;12;16;USA;4.760.621;-12.233.207
81;Angora; 3.42 ;41;male;TRUE;41; 4.4 ;white;solid;amber;FALSE;dry;24;17;USA;4.552.345;-12.267.621
82;Angora; 3.5 ;42;male;TRUE;39; 4.8 ;black;solid;blue;FALSE;wet;15;16;USA;4.552.345;-12.267.621
83;Angora; 3.5 ;;male;TRUE;40; 3.9 ;white;solid;green;TRUE;dry;13;16;USA;4.760.621;-12.233.207
84;Angora; 3.5 ;;female;FALSE;33; 4.3 ;white;solid;amber;FALSE;dry;37;14;USA;41.881.832;-87.623.177
85;Angora; 3.58 ;;female;TRUE;35; 3.4 ;white;solid;blue;FALSE;dry;23;16;France;48.864.716;2.349.014
86;Angora; 3.58 ;43;female;TRUE;34; 3.3 ;white;solid;blue;FALSE;wet;20;14;USA;41.881.832;-87.623.177
87;Angora; 3.67 ;44;male;FALSE;39; 4.5 ;white;solid;amber;FALSE;wet;23;14;USA;4.760.621;-12.233.207
88;Angora; 3.67 ;44;male;FALSE;37; 4.6 ;white;solid;amber;FALSE;wet;32;14;France;4.361.166;387.771
89;; 3.67 ;44;male;TRUE;37; 4.2 ;white;solid;blue;FALSE;wet;33;14;USA;3.777.493;-12.241.942
90;Angora; 3.75 ;45;male;TRUE;43; 3.9 ;white;solid;blue;FALSE;wet;38;14;USA;3.929.038;-7.661.219
91;Angora; 3.83 ;46;male;FALSE;37; 4.1 ;white;solid;green;FALSE;wet;38;16;USA;3.889.511;-7.703.637
92;Angora; 3.83 ;46;male;TRUE;40; 4.8 ;black;bicolor;amber;TRUE;wet;11;15;USA;4.071.427;-7.400.597
93;Angora;;46;male;FALSE;39;4;red/cream;tabby;blue;FALSE;dry;18;14;France;47.218.371;-1.553.621
94;; 3.92 ;47;female;TRUE;34; 4.7 ;white;solid;amber;FALSE;dry;25;14;USA;4.071.427;-7.400.597
95;Angora;;47;female;TRUE;37; 3.3 ;black;;amber;FALSE;dry;25;15;USA;4.235.843;-7.105.977
96;Angora;;47;female;TRUE;35; 2.8 ;white;;blue;FALSE;wet;28;14;USA;3.889.511;-7.703.637
97;Angora; 3.92 ;47;male;;39; 4.4 ;white;;blue;FALSE;wet;23;15;USA;41.881.832;-87.623.177
98;Angora;4,00;48;male;;36; 4.8 ;white;;green;FALSE;wet;28;17;USA;3.889.511;-7.703.637
99;; 4.08 ;49;male;FALSE;37; 4.8 ;white;solid;green;FALSE;wet;38;14;USA;3.929.038;-7.661.219
100;Angora; 4.08 ;49;female;;35; 4.7 ;white;;blue;FALSE;wet;11;14;USA;4.071.427;-7.400.597
101;Angora; 4.08 ;49;male;;37; 5.6 ;white;;blue;FALSE;wet;12;14;USA;4.235.843;-7.105.977
102;Angora; 4.17 ;50;female;;37; 3.8 ;white;;amber;FALSE;dry;23;14;USA;4.235.843;-7.105.977
103;Angora; 4.17 ;50;male;;41; 4.5 ;white;;amber;FALSE;wet;24;16;USA;3.889.511;-7.703.637
104;Angora; 4.17 ;50;female;TRUE;35; 2.8 ;white;solid;amber;TRUE;dry;28;14;USA;4.552.345;-12.267.621
105;Angora; -4.25 ;-51;male;TRUE;37; 4.6 ;white;solid;amber;FALSE;dry;36;14;France;4.576.342;4.834.277
106;Angora;-4333333333,00;-52;female;TRUE;34; 4.3 ;white;solid;cute;FALSE;wet;37;16;USA;4.235.843;-7.105.977
107;Angora;-4333333333,00;-52;female;TRUE;35; 3.8 ;black;solid;amber;FALSE;wet;30;14;USA;4.552.345;-12.267.621
108;Angora;-4333333333,00;-52;female;TRUE;32; 2.4 ;white;solid;blue;FALSE;wet;40;14;USA;4.760.621;-12.233.207
109;Angora;-4416666667,00;-53;;FALSE;39; 4.4 ;white;solid;blue;FALSE;wet;34;16;USA;3.889.511;-7.703.637
110;Angora; -4.5 ;-54;;TRUE;41; 5.1 ;white;solid;amber;FALSE;dry;19;14;USA;4.071.427;-7.400.597
111;Angora; -4.5 ;-54;;FALSE;39; 4.3 ;white;solid;blue;FALSE;wet;39;16;USA;3.777.493;-12.241.942
112;Angora;-4583333333,00;-55;female;FALSE;35; 3.4 ;white;dirty;blue;FALSE;wet;36;14;USA;4.071.427;-7.400.597
113;Angora; 4.58 ;55;female;TRUE;37; 2.5 ;white;solid;amber;TRUE;wet;39;17;USA;3.889.511;-7.703.637
114;Angora; 4.58 ;55;male;FALSE;35; 4.3 ;white;solid;amber;FALSE;dry;36;17;USA;3.889.511;-7.703.637
115;Angora; 4.58 ;55;female;TRUE;37; 3.4 ;white;solid;cute;FALSE;dry;24;14;USA;3.889.511;-7.703.637
116;Angora; 4.58 ;;male;TRUE;38; 5.1 ;red/cream;solid;blue;FALSE;wet;17;14;USA;3.889.511;-7.703.637
117;Angora; 4.75 ;;female;FALSE;38; 3.9 ;white;solid;amber;FALSE;wet;14;16;USA;4.071.427;-7.400.597
118;Angora; 4.75 ;;female;TRUE;38; 3.1 ;white;solid;amber;FALSE;dry;23;14;USA;3.889.511;-7.703.637
119;Angora; 4.75 ;;male;FALSE;37;4;white;solid;blue;FALSE;dry;32;16;USA;4.071.427;-7.400.597
120;Angora; 4.83 ;;male;TRUE;40; 4.5 ;white;solid;amber;FALSE;wet;18;14;USA;3.777.493;-12.241.942
121;Angora; 4.83 ;;female;TRUE;37;3;white;solid;amber;FALSE;wet;20;14;France;43.296.482;536.978
122;Angora; 4.83 ;;male;FALSE;36; 3.7 ;white;solid;blue;FALSE;wet;32;17;USA;3.889.511;-7.703.637
123;Angora; 4.92 ;;male;TRUE;36; 4.4 ;white;solid;green;FALSE;dry;29;16;USA;4.071.427;-7.400.597
124;Angora; 4.92 ;59;male;FALSE;41; 4.9 ;white;solid;amber;FALSE;wet;14;14;USA;3.889.511;-7.703.637
125;Angora; 4.92 ;59;male;TRUE;40;4;red/cream;tabby;amber;TRUE;wet;31;14;USA;4.071.427;-7.400.597
126;Angora; 4.92 ;59;female;TRUE;38; 4.6 ;white;solid;blue;FALSE;wet;28;17;USA;41.881.832;-87.623.177
127;Angora;5,00;60;female;TRUE;39; 4.7 ;white;solid;blue;FALSE;dry;32;14;USA;4.071.427;-7.400.597
128;Angora;5,00;60;male;TRUE;37; 5.2 ;white;solid;amber;FALSE;dry;29;14;USA;4.552.345;-12.267.621
129;Ankora; 5.08 ;61;male;TRUE;40; 4.7 ;white;solid;amber;FALSE;wet;31;14;USA;4.235.843;-7.105.977
130;Ankora; 5.08 ;61;female;FALSE;39; 3.4 ;white;solid;blue;FALSE;wet;27;16;USA;4.235.843;-7.105.977
131;Ankora; 5.08 ;61;female;TRUE;37; 3.1 ;white;solid;blue;FALSE;dry;29;14;USA;4.071.427;-7.400.597
132;Ankora; 5.17 ;62;female;FALSE;39; 3.9 ;white;solid;blue;FALSE;dry;35;17;Germany;50.110.924;8.682.127
133;Angora; 5.17 ;62;female;TRUE;34; 3.4 ;white;solid;green;FALSE;dry;9;14;Germany;52.520.008;13.404.954
134;Angora; 5.17 ;62;female;TRUE;38; 3.9 ;white;solid;green;TRUE;wet;9;14;Germany;48.137.154;11.576.124
135;Angora; 5.17 ;62;female;FALSE;38; 2.7 ;white;solid;amber;FALSE;wet;27;14;Germany;48.137.154;11.576.124
136;Angora; 5.17 ;62;male;TRUE;36; 4.3 ;white;solid;amber;FALSE;wet;19;14;Germany;48.137.154;11.576.124
137;Angora; 5.17 ;62;male;TRUE;40; 4.9 ;white;solid;blue;FALSE;wet;39;14;Germany;50.110.924;8.682.127
138;; 5.17 ;62;male;FALSE;36; 3.5 ;white;solid;blue;FALSE;wet;37;14;Germany;52.520.008;13.404.954
139;; 5.17 ;62;female;FALSE;39; 4.1 ;white;solid;blue;FALSE;wet;17;16;Germany;50.110.924;8.682.127
140;; 5.25 ;63;female;TRUE;31; 2.4 ;white;solid;blue;FALSE;wet;29;16;Germany;48.137.154;11.576.124
141;; 5.25 ;63;female;FALSE;37; 3.1 ;white;solid;blue;FALSE;dry;23;14;Germany;52.520.008;13.404.954
142;; 5.33 ;64;female;TRUE;35; 3.4 ;white;solid;blue;FALSE;dry;26;14;Germany;50.110.924;8.682.127
143;; 5.33 ;64;male;FALSE;36; 4.5 ;white;solid;blue;FALSE;wet;9;14;Germany;52.520.008;13.404.954
144;; 5.33 ;64;female;TRUE;37; 2.9 ;white;solid;blue;TRUE;dry;16;14;Germany;48.137.154;11.576.124
145;; 5.42 ;65;male;TRUE;38; 4.3 ;black;solid;amber;FALSE;wet;23;17;Germany;50.110.924;8.682.127
146;Angora; 5.42 ;65;female;FALSE;39; 4.1 ;white;solid;blue;FALSE;wet;27;17;Germany;51.227.741;6.773.456
147;Angora; 5.5 ;66;male;TRUE;40; 5.2 ;white;solid;green;FALSE;dry;17;14;Germany;52.520.008;13.404.954
148;Angora; 5.58 ;67;male;FALSE;40; 4.4 ;black;solid;blue;FALSE;wet;27;14;Germany;52.520.008;13.404.954
149;Angora; 5.67 ;68;male;TRUE;39; 5.5 ;white;solid;cute;FALSE;wet;12;14;Germany;52.520.008;13.404.954
150;Angora; 5.67 ;68;male;FALSE;41; 4.3 ;white;solid;blue;FALSE;dry;24;14;Germany;50.110.924;8.682.127
151;Angora; 5.67 ;68;male;TRUE;36; 5.1 ;white;solid;green;FALSE;dry;37;14;Germany;52.520.008;13.404.954
152;Angora; 5.67 ;68;male;TRUE;37; 5.3 ;red/cream;tabby;blue;FALSE;wet;37;15;Germany;51.227.741;6.773.456
153;Angora; 5.75 ;69;male;FALSE;39; 4.4 ;white;solid;amber;FALSE;dry;39;15;Germany;50.110.924;8.682.127
154;Angora; 5.75 ;69;female;TRUE;38; 4.4 ;black;bicolor;amber;FALSE;dry;18;14;USA;4.235.843;-7.105.977
155;Angora; 5.75 ;69;female;TRUE;38; 3.2 ;white;solid;amber;TRUE;wet;25;15;USA;4.235.843;-7.105.977
156;Angora; 5.75 ;69;female;TRUE;31; 3.1 ;white;solid;blue;FALSE;wet;9;15;USA;4.071.427;-7.400.597
157;Angora; 5.92 ;71;female;TRUE;39; 4.8 ;white;solid;green;FALSE;wet;12;16;USA;4.235.843;-7.105.977
158;Ankora; 5.92 ;71;male;FALSE;38; 4.3 ;white;dirty;green;FALSE;dry;26;13;USA;4.071.427;-7.400.597
159;Ankora; 5.92 ;71;male;TRUE;41; 3.9 ;white;solid;amber;FALSE;wet;29;13;USA;4.235.843;-7.105.977
160;Ankora; 5.92 ;71;female;TRUE;36; 4.7 ;white;solid;amber;FALSE;dry;29;16;USA;4.071.427;-7.400.597
161;Angora;6,00;72;male;FALSE;36; 4.8 ;white;solid;blue;FALSE;wet;33;17;USA;4.071.427;-7.400.597
162;Angora;6,00;72;female;FALSE;36; 3.6 ;white;solid;green;FALSE;dry;26;13;France;4.576.342;4.834.277
163;Angora; 6.08 ;73;male;TRUE;38; 4.4 ;white;;;FALSE;wet;16;14;USA;3.777.493;-12.241.942
164;Angora; 6.08 ;73;female;TRUE;38; 3.4 ;white;;;FALSE;wet;38;16;USA;3.889.511;-7.703.637
165;Angora; 6.08 ;73;male;FALSE;41; 3.7 ;white;solid;blue;FALSE;dry;39;16;USA;4.071.427;-7.400.597
166;Angora; 6.25 ;75;male;FALSE;39; 4.2 ;white;solid;blue;FALSE;wet;24;13;USA;3.777.493;-12.241.942
167;Angora; 6.25 ;75;;FALSE;38; 3.6 ;white;solid;amber;FALSE;wet;23;16;France;4.361.166;387.771
168;Angora; 6.25 ;75;;FALSE;41; 4.4 ;white;solid;amber;FALSE;wet;24;13;USA;3.929.038;-7.661.219
169;Angora; 6.33 ;76;;FALSE;37; 3.1 ;white;solid;green;FALSE;dry;30;13;USA;4.071.427;-7.400.597
170;Angora; 6.42 ;77;;TRUE;36; 4.7 ;white;solid;amber;FALSE;wet;12;16;USA;41.881.832;-87.623.177
171;Angora; 6.5 ;78;;TRUE;37; 4.5 ;red/cream;solid;blue;FALSE;wet;30;17;USA;4.760.621;-12.233.207
172;Angora; 6.5 ;78;;TRUE;36;4;white;solid;blue;TRUE;dry;18;16;USA;41.881.832;-87.623.177
173;Angora; 6.5 ;78;male;FALSE;39; 4.2 ;black;bicolor;amber;FALSE;wet;15;17;USA;4.760.621;-12.233.207
174;Angora; 6.5 ;78;female;FALSE;34; 3.8 ;white;solid;blue;FALSE;wet;21;14;USA;4.235.843;-7.105.977
175;Angora; 6.5 ;78;female;TRUE;38; 5.2 ;white;solid;blue;FALSE;wet;9;13;USA;4.071.427;-7.400.597
176;Angorra; 6.58 ;79;male;FALSE;40; 4.2 ;red/cream;tabby;blue;FALSE;wet;12;14;USA;3.929.038;-7.661.219
177;Angora; 6.58 ;79;male;TRUE;41; 3.8 ;red/cream;tabby;green;FALSE;dry;23;16;USA;4.071.427;-7.400.597
178;Angora; 6.58 ;79;male;FALSE;41; 3.9 ;white;solid;amber;FALSE;dry;16;17;Canada;4.365.107;-79.347.015
179;Angora; 6.67 ;80;male;TRUE;40; 4.8 ;white;solid;blue;FALSE;dry;13;14;Canada;51.049.999;-114.066.666
180;Angora; 6.67 ;80;female;FALSE;34; 2.2 ;white;solid;amber;FALSE;dry;34;17;Canada;4.365.107;-79.347.015
181;Angora; 6.75 ;81;female;FALSE;37; 2.4 ;white;solid;blue;FALSE;dry;16;14;Canada;4.542.153;-75.697.193
182;Angora; 6.75 ;81;male;TRUE;39; 4.4 ;white;solid;amber;FALSE;dry;24;14;Canada;49.246.292;-123.116.226
183;Angora; 6.75 ;81;male;TRUE;40; 4.5 ;white;solid;blue;TRUE;wet;17;14;my country;4.365.107;-79.347.015
184;Angora; 6.83 ;82;female;FALSE;37; 2.8 ;white;solid;amber;FALSE;dry;36;14;Canada;45.508.888;-73.561.668
185;Angora; 6.92 ;83;male;TRUE;41; 4.7 ;white;solid;blue;FALSE;wet;26;14;Canada;4.365.107;-79.347.015
186;Angora; 6.92 ;83;male;TRUE;38; 4.5 ;white;solid;amber;FALSE;wet;32;16;Canada;45.508.888;-73.561.668
187;; 6.92 ;83;female;TRUE;39; 4.3 ;white;solid;amber;FALSE;wet;22;14;Canada;49.246.292;-123.116.226
188;;7,00;;;;;;;dirty;blue;TRUE;dry;20;14;Canada;49.246.292;-123.116.226
189;;7,00;84;male;TRUE;39; 4.4 ;white;solid;amber;FALSE;dry;16;14;Canada;51.049.999;-114.066.666
190;; 7.08 ;85;female;FALSE;35; 2.5 ;white;solid;blue;FALSE;wet;27;14;Canada;4.542.153;-75.697.193
191;; 7.17 ;86;male;TRUE;40; 5.4 ;white;solid;amber;FALSE;wet;9;20;Canada;49.246.292;-123.116.226
192;; 7.25 ;87;male;FALSE;39;4;white;solid;green;FALSE;wet;37;20;Canada;49.246.292;-123.116.226
193;Angora; 7.25 ;87;male;TRUE;36; 4.9 ;white;solid;amber;FALSE;dry;29;19;Canada;45.508.888;-73.561.668
194;Angora; 7.25 ;87;male;FALSE;38; 4.4 ;white;solid;amber;FALSE;wet;27;16;Canada;49.246.292;-123.116.226
195;Angora; 7.25 ;87;female;FALSE;33;4;black;bicolor;amber;FALSE;dry;16;14;Canada;51.049.999;-114.066.666
196;Angora; 7.25 ;87;male;FALSE;40; 4.2 ;white;solid;blue;FALSE;dry;17;19;Canada;51.049.999;-114.066.666
197;Angora; 7.25 ;87;male;TRUE;40; 5.4 ;red/cream;tabby;blue;FALSE;wet;12;20;USA;4.760.621;-12.233.207
198;Angora; 7.25 ;87;female;TRUE;33; 2.5 ;white;solid;blue;FALSE;dry;23;18;USA;3.889.511;-7.703.637
199;Angora; 7.33 ;88;male;FALSE;41; 3.9 ;black;bicolor;blue;FALSE;dry;27;14;USA;3.777.493;-12.241.942
200;Angora;-7416666667,00;-89;female;TRUE;35; 3.9 ;white;solid;blue;TRUE;dry;25;19;USA;4.235.843;-7.105.977
201;Angora;-7416666667,00;-89;female;TRUE;34; 3.3 ;white;solid;amber;FALSE;wet;32;14;USA;4.071.427;-7.400.597
202;Angora;-7583333333,00;-91;male;TRUE;39; 5.4 ;white;solid;amber;FALSE;;5;14;USA;4.071.427;-7.400.597
203;Angora;-7583333333,00;-91;male;TRUE;40; 5.5 ;red/cream;tabby;blue;FALSE;;14;14;USA;3.889.511;-7.703.637
204;Angora;-7666666667,00;-92;male;FALSE;36; 4.9 ;white;solid;blue;FALSE;;31;18;USA;3.889.511;-7.703.637
205;Angora; 7.67 ;92;male;TRUE;40; 5.3 ;black;solid;blue;FALSE;;39;18;USA;4.071.427;-7.400.597
206;Angora; 7.75 ;93;female;TRUE;33; 3.1 ;white;solid;blue;TRUE;;26;18;USA;3.889.511;-7.703.637
207;Angora; 7.75 ;93;male;TRUE;42; 4.7 ;white;solid;green;FALSE;wet;16;14;USA;4.552.345;-12.267.621
208;Angora; 7.75 ;93;female;FALSE;37; 2.8 ;white;solid;green;FALSE;dry;28;18;USA;4.760.621;-12.233.207
209;Angora; 7.75 ;93;male;TRUE;37; 4.2 ;white;solid;blue;FALSE;wet;15;18;USA;3.889.511;-7.703.637
210;Angora; 7.75 ;93;male;FALSE;41; 3.8 ;black;solid;blue;FALSE;wet;30;20;USA;4.071.427;-7.400.597
211;Angora; 7.83 ;94;male;FALSE;37; 3.5 ;white;solid;amber;FALSE;wet;25;14;USA;4.235.843;-7.105.977
212;Angora; 7.83 ;94;male;TRUE;38; 4.6 ;white;solid;amber;FALSE;wet;37;14;USA;4.071.427;-7.400.597
213;Angora; 7.83 ;;male;TRUE;38;4;white;solid;amber;FALSE;dry;27;16;USA;3.929.038;-7.661.219
214;Angora; 7.83 ;;male;TRUE;40; 5.3 ;white;solid;amber;FALSE;wet;25;18;USA;3.889.511;-7.703.637
215;Angora; 7.83 ;;female;TRUE;33;4;white;bicolor;blue;TRUE;wet;10;16;USA;4.235.843;-7.105.977
216;Angorra; 7.83 ;;male;FALSE;40; 4.3 ;white;solid;blue;FALSE;wet;25;18;USA;4.235.843;-7.105.977
217;Angorra; 7.83 ;94;male;TRUE;39;5;red/cream;;;;wet;24;16;where I live;4.071.427;-7.400.597
218;Angorra; 7.92 ;95;male;TRUE;39; 3.8 ;white;;;;wet;32;19;USA;3.777.493;-12.241.942
219;Angorra;8,00;96;female;FALSE;37; 3.4 ;black;;;;wet;29;17;USA;4.235.843;-7.105.977
220;Angorra;8,00;96;male;FALSE;36; 4.5 ;white;;;;dry;28;16;USA;4.552.345;-12.267.621
221;Angora;8,00;96;female;TRUE;34; 4.9 ;white;solid;amber;FALSE;wet;17;19;USA;4.071.427;-7.400.597
222;Angora; 7.17 ;86;male;FALSE;36; 3.5 ;red/cream;solid;blue;FALSE;dry;29;20;USA;3.889.511;-7.703.637
223;Angora; 8.08 ;97;female;FALSE;33; 3.1 ;white;solid;amber;FALSE;wet;18;19;USA;4.071.427;-7.400.597
224;Angora; 8.08 ;97;;TRUE;41; 4.2 ;black;bicolor;amber;TRUE;wet;9;18;USA;4.235.843;-7.105.977
225;Angora; 8.08 ;97;;TRUE;37; 3.8 ;red/cream;tabby;blue;FALSE;wet;27;16;with me;41.881.832;-87.623.177
226;Angora;4,00;48;;TRUE;36; 2.4 ;white;solid;blue;TRUE;wet;14;14;USA;3.777.493;-12.241.942
227;Angora; 8.25 ;99;;TRUE;34; 3.6 ;white;dirty;amber;FALSE;wet;25;19;USA;3.929.038;-7.661.219
228;Angora; 4.17 ;50;;FALSE;35; 2.8 ;white;solid;blue;FALSE;dry;20;14;USA;4.552.345;-12.267.621
229;Angora;;61;;FALSE;36; 2.3 ;white;solid;blue;FALSE;dry;16;16;USA;4.552.345;-12.267.621
230;Angora;;55;;TRUE;35; 2.8 ;white;solid;amber;FALSE;dry;25;17;USA;3.889.511;-7.703.637
231;Angora;;102;male;FALSE;40;4;white;solid;blue;FALSE;dry;18;14;USA;4.552.345;-12.267.621
232;Angora;;85;male;TRUE;36; 4.8 ;black;bicolor;blue;TRUE;wet;9;16;USA;4.071.427;-7.400.597
233;Angora;;84;female;FALSE;33;3;white;solid;blue;FALSE;dry;34;14;USA;4.760.621;-12.233.207
234;Angora;;103;male;FALSE;39; 4.4 ;white;solid;amber;FALSE;wet;18;16;USA;4.235.843;-7.105.977
235;Angora;;86;female;FALSE;38; 4.6 ;white;solid;blue;FALSE;wet;21;14;USA;4.760.621;-12.233.207
236;Angora;;103;male;TRUE;52;5;red/cream;solid;blue;FALSE;wet;30;16;USA;3.889.511;-7.703.637
237;Angora; 8.67 ;104;female;TRUE;35; 4.1 ;white;solid;I dont know. Its pretty!;FALSE;dry;15;16;USA;4.071.427;-7.400.597
238;Angora; 4.75 ;57;female;TRUE;34; 2.7 ;white;solid;blue;TRUE;wet;22;14;USA;4.760.621;-12.233.207
239;Angora; 6.83 ;82;female;TRUE;36; 3.6 ;white;solid;blue;FALSE;wet;32;17;USA;4.235.843;-7.105.977
240;Angora; 7.5 ;90;female;FALSE;36; 3.5 ;white;solid;green;FALSE;wet;16;14;USA;3.889.511;-7.703.637
241;; 7.58 ;91;male;FALSE;36; 3.6 ;white;solid;blue;FALSE;wet;39;18;USA;41.881.832;-87.623.177
242;Angora; 8.92 ;107;female;TRUE;34; 4.5 ;black;bicolor;amber;FALSE;dry;13;19;USA;4.071.427;-7.400.597
243;Angora; 6.75 ;81;female;FALSE;33; 2.9 ;white;solid;green;FALSE;wet;20;16;USA;4.552.345;-12.267.621
244;Angora;9,00;108;female;TRUE;38; 3.7 ;white;solid;amber;TRUE;dry;6;17;USA;3.889.511;-7.703.637
245;Angora; 7.33 ;88;female;FALSE;39; 4.3 ;white;solid;amber;FALSE;wet;16;13;USA;3.889.511;-7.703.637
246;Angora; 5.17 ;62;female;FALSE;36; 2.5 ;white;solid;amber;FALSE;wet;27;13;USA;4.552.345;-12.267.621
247;; 9.08 ;109;male;TRUE;58; 5.2 ;black;bicolor;blue;FALSE;wet;30;20;USA;4.235.843;-7.105.977
248;Angora; 9.17 ;110;female;FALSE;35; 4.1 ;white;solid;green;FALSE;wet;20;16;USA;4.760.621;-12.233.207
249;Angora; 6.5 ;78;male;TRUE;39; 3.5 ;white;solid;amber;FALSE;wet;25;17;USA;3.889.511;-7.703.637
250;Angora; 9.25 ;111;male;TRUE;38;5;white;solid;amber;FALSE;wet;27;16;USA;3.889.511;-7.703.637
251;Angora; 9.25 ;111;male;FALSE;38; 3.9 ;white;solid;amber;FALSE;wet;22;19;USA;3.889.511;-7.703.637
252;Angorra; 9.33 ;112;female;FALSE;36; 3.9 ;white;dirty;green;FALSE;wet;25;14;USA;3.889.511;-7.703.637
253;Angorra; 8.33 ;100;male;TRUE;41; 4.1 ;white;solid;blue;FALSE;dry;18;14;USA;4.071.427;-7.400.597
254;Angorra; 4.25 ;51;female;FALSE;33; 2.7 ;white;solid;amber;FALSE;dry;38;17;USA;4.071.427;-7.400.597
255;Angorra; 6.42 ;77;female;TRUE;36; 2.5 ;white;solid;blue;TRUE;wet;19;17;USA;3.889.511;-7.703.637
256;Angorra; 9.5 ;114;female;TRUE;38; 4.1 ;white;solid;blue;FALSE;wet;18;19;USA;4.235.843;-7.105.977
257;Angora; 9.58 ;115;male;TRUE;36;4;white;;;;;28;16;USA;4.071.427;-7.400.597
258;Angora;3,00;36;female;TRUE;39; 3.1 ;white;;;;;;;;4.071.427;-7.400.597
259;Angora; 9.58 ;115;male;TRUE;61;5;black;;;;;;;;4.071.427;-7.400.597
260;Angora; 9.67 ;116;female;TRUE;36; 4.1 ;white;;;;;;;;4.071.427;-7.400.597
261;Angora; 5.92 ;71;female;TRUE;35; 3.3 ;white;;;;;;;;4.071.427;-7.400.597
262;Angora; 9.67 ;116;male;FALSE;39; 5.2 ;white;;;;;;;;3.929.038;-7.661.219
263;Angora; 9.67 ;116;female;FALSE;37; 4.6 ;white;solid;blue;FALSE;wet;;;;3.929.038;-7.661.219
264;Angora; 6.33 ;76;female;TRUE;38; 4.8 ;white;solid;blue;FALSE;dry;;;;53.480.759;-2.242.631
265;Angora; 8.42 ;101;male;FALSE;40; 4.3 ;white;solid;amber;FALSE;wet;;;;53.800.755;-1.549.077
266;Angora; 9.75 ;117;male;FALSE;38; 4.4 ;white;solid;blue;FALSE;wet;;;;52.486.244;-1.890.401
267;Angora;;117;male;FALSE;37; 4.9 ;white;solid;blue;FALSE;wet;;;;52.486.244;-1.890.401
268;Angora;;48;female;TRUE;37; 2.6 ;black;bicolor;blue;FALSE;wet;;;;53.480.759;-2.242.631
269;Angora;;36;female;TRUE;35; 3.3 ;black;bicolor;blue;FALSE;dry;23;14;UK;51.507.351;-0.127758
270;Angora;;118;female;FALSE;35; 4.9 ;white;solid;blue;FALSE;wet;11;17;UK;52.486.244;-1.890.401
271;Angora; 9.83 ;118;female;TRUE;39; 2.9 ;white;solid;amber;TRUE;dry;6;14;UK;53.480.759;-2.242.631
272;Angora; 9.83 ;118;male;FALSE;48; 5.2 ;red/cream;tabby;blue;FALSE;dry;22;16;UK;53.408.371;-2.991.573
273;Angora; 8.42 ;101;female;TRUE;36;4;white;solid;blue;TRUE;wet;18;20;UK;53.480.759;-2.242.631
274;Angora; 4.92 ;59;female;TRUE;35; 2.9 ;white;solid;amber;FALSE;dry;38;13;UK;51.507.351;-0.127758
275;Angora; 7.08 ;85;male;FALSE;40;5;black;tortie;blue;FALSE;wet;39;17;UK;52.486.244;-1.890.401
276;Angora; 5.08 ;61;female;FALSE;33; 2.4 ;white;solid;blue;FALSE;wet;13;13;UK;53.800.755;-1.549.077
277;Angora;10,00;120;male;FALSE;36; 3.8 ;white;solid;amber;FALSE;wet;23;14;UK;53.480.759;-2.242.631
278;Angora; 11.25 ;135;male;TRUE;40; 4.4 ;white;solid;blue;FALSE;wet;13;18;UK;53.480.759;-2.242.631
279;Angora;10,00;120;female;TRUE;37; 3.7 ;white;solid;blue;TRUE;wet;19;17;USA;4.071.427;-7.400.597
280;Angora; 5.83 ;70;female;TRUE;35; 2.6 ;red/cream;solid;blue;FALSE;wet;23;13;USA;41.881.832;-87.623.177
281;My coon; 0.25 ;3;female;FALSE;22; 3.3 ;brown/chocolate;tabby;blue;FALSE;wet;50;16;USA;3.777.493;-12.241.942
282;Maine coon; 0.17 ;2;male;FALSE;25; 3.7 ;white;solid;blue;FALSE;wet;60;16;USA;3.889.511;-7.703.637
283;Maine coon; 0.42 ;5;male;FALSE;25; 3.3 ;brown/chocolate;solid;yellow;FALSE;wet;20;16;USA;4.071.427;-7.400.597
284;Maine coon; 0.5 ;6;male;FALSE;26; 3.3 ;brown/chocolate;tabby;yellow;FALSE;wet;54;10;UK;53.408.371;-2.991.573
285;My coon; 0.5 ;6;female;FALSE;30; 3.5 ;brown/chocolate;tabby;yellow;FALSE;wet;39;;;52.486.244;-1.890.401
286;Maine coon; 0.5 ;6;female;FALSE;31;3;white;solid;blue;FALSE;wet;24;;;51.507.351;-0.127758
287;Maine coon; 0.5 ;6;female;FALSE;34;3;black;tortie;yellow;FALSE;wet;41;;;52.486.244;-1.890.401
288;Maine coon; 0.58 ;7;male;FALSE;35; 3.7 ;white;solid;blue;FALSE;wet;54;;;51.507.351;-0.127758
289;Maine coon; 0.67 ;8;female;TRUE;36; 3.2 ;brown/chocolate;tabby;blue;FALSE;wet;47;;;53.480.759;-2.242.631
290;Maine coon; 0.67 ;8;male;FALSE;38; 3.6 ;white;solid;blue;FALSE;dry;40;;;53.408.371;-2.991.573
291;Maine coon; 0.67 ;8;male;TRUE;40; 3.1 ;brown/chocolate;solid;yellow;FALSE;dry;54;;;52.486.244;-1.890.401
292;Maine coon;5,00;60;female;FALSE;38; 3.9 ;white;solid;blue;FALSE;wet;36;;;51.507.351;-0.127758
293;; 1.08 ;13;female;TRUE;42; 3.1 ;black;solid;green;FALSE;wet;40;19;UK;52.486.244;-1.890.401
294;; 0.75 ;9;;;;;;;;;wet;28;20;UK;52.486.244;-1.890.401
295;; 0.75 ;9;;;;;;;;;wet;31;19;UK;51.507.351;-0.127758
296;; 1.08 ;13;;;;;;;;;dry;28;16;UK;51.507.351;-0.127758
297;; 0.75 ;9;;;;;;;;;wet;22;20;UK;53.480.759;-2.242.631
298;; 4.83 ;58;female;TRUE;32;4;black;bicolor;yellow;FALSE;wet;21;13;UK;53.480.759;-2.242.631
299;Maine coon; 3.67 ;44;female;TRUE;53;4;brown/chocolate;tabby;yellow;FALSE;wet;32;;;51.507.351;-0.127758
300;Maine coon; 4.75 ;57;male;TRUE;56;4;red/cream;tabby;blue;FALSE;wet;44;;;53.408.371;-2.991.573
301;Maine coon; 1.08 ;13;female;TRUE;31; 3.7 ;black;bicolor;green;FALSE;dry;28;18;UK;53.408.371;-2.991.573
302;Maine coon; 0.92 ;11;female;FALSE;39;3;white;solid;blue;FALSE;wet;33;19;USA;41.881.832;-87.623.177
303;Maine coon; 1.42 ;17;female;TRUE;37; 3.2 ;white;solid;blue;FALSE;wet;27;18;USA;3.929.038;-7.661.219
304;Maine coon;1,00;12;male;TRUE;28; 3.6 ;white;solid;blue;FALSE;wet;12;19;UK;52.486.244;-1.890.401
305;Maine coon; 3.17 ;38;male;TRUE;32; 3.9 ;white;solid;blue;TRUE;dry;28;17;UK;53.480.759;-2.242.631
306;Maine coon;1,00;12;male;FALSE;46; 3.5 ;black;bicolor;yellow;FALSE;wet;17;17;UK;53.408.371;-2.991.573
307;Maine coon;1,00;12;female;TRUE;31; 3.2 ;white;solid;blue;FALSE;wet;26;20;UK;53.800.755;-1.549.077
308;Maine coon; 5.17 ;62;female;FALSE;38;4;brown/chocolate;tabby;green;FALSE;wet;38;13;UK;53.408.371;-2.991.573
309;Maine coon; 6.58 ;79;male;FALSE;48; 3.9 ;black;solid;yellow;FALSE;wet;36;13;France;47.218.371;-1.553.621
310;Maine coon; 1.08 ;13;male;FALSE;55; 3.8 ;black;solid;yellow;FALSE;wet;36;18;France;47.218.371;-1.553.621
311;Maine coon;4,00;48;male;FALSE;54;4;white;solid;yellow;FALSE;wet;11;13;France;48.864.716;2.349.014
312;Maine coon; 4.5 ;54;male;TRUE;60; 5.2 ;black;solid;blue;FALSE;dry;16;13;France;43.296.482;536.978
313;Maine coon; 1.17 ;14;female;TRUE;35; 3.3 ;white;solid;blue;FALSE;dry;18;18;France;47.218.371;-1.553.621
314;Maine coon; 1.17 ;14;male;FALSE;35; 4.3 ;black;;;;wet;11;19;France;43.296.482;536.978
315;Maine coon; 1.33 ;16;male;TRUE;56; 3.8 ;black;;;;wet;22;21;France;44.837.789;-0.57918
316;Maine coon; 1.33 ;16;female;TRUE;50; 3.3 ;black;;;;wet;17;21;France;48.864.716;2.349.014
317;My coon; 5.58 ;67;male;TRUE;56; 4.2 ;black;;;;wet;17;16;France;48.864.716;2.349.014
318;Maine coon; 1.42 ;17;female;FALSE;30; 3.2 ;black;;;;dry;39;18;France;4.576.342;4.834.277
319;Maine coon;;17;male;TRUE;47; 3.6 ;red/cream;;;;wet;22;19;France;44.837.789;-0.57918
320;Maine coon;;18;male;FALSE;46; 4.3 ;brown/chocolate;;;;dry;13;18;France;47.218.371;-1.553.621
321;Maine coon;;18;female;FALSE;38; 3.2 ;brown/chocolate;;;;dry;17;15;France;48.864.716;2.349.014
322;Maine coon;;19;female;TRUE;60; 3.7 ;black;;;;wet;37;19;UK;51.507.351;-0.127758
323;Maine coon;;78;male;FALSE;53;4;brown/chocolate;;;;wet;31;13;UK;51.507.351;-0.127758
324;Maine coon;;19;male;TRUE;54; 4.5 ;red/cream;;;;wet;14;19;UK;53.800.755;-1.549.077
325;Maine coon; 5.75 ;69;male;FALSE;31; 3.9 ;white;solid;blue;FALSE;dry;29;13;UK;53.800.755;-1.549.077
326;Maine coon; 1.58 ;19;female;TRUE;53;5;black;solid;yellow;FALSE;wet;19;17;UK;53.800.755;-1.549.077
327;Maine coon; 1.67 ;20;male;TRUE;35; 3.9 ;brown/chocolate;tabby;yellow;FALSE;wet;34;19;UK;53.800.755;-1.549.077
328;Maine coon; 1.67 ;20;male;FALSE;32; 3.8 ;white;solid;blue;FALSE;wet;27;18;UK;51.507.351;-0.127758
329;Maine coon; 1.75 ;21;male;TRUE;36; 3.3 ;red/cream;tabby;yellow;FALSE;wet;37;21;France;4.361.166;387.771
330;Maine coon; 1.75 ;21;female;TRUE;53;4;black;bicolor;yellow;FALSE;dry;20;19;UK;53.480.759;-2.242.631
331;Maine coon; 1.75 ;21;female;TRUE;60; 4.5 ;black;solid;yellow;FALSE;dry;12;16;UK;53.408.371;-2.991.573
332;Maine coon; 1.75 ;21;male;TRUE;58; 3.1 ;black;solid;yellow;TRUE;wet;26;13;UK;53.408.371;-2.991.573
333;Maine coon; 1.75 ;21;male;FALSE;42; 3.7 ;black;solid;yellow;FALSE;wet;13;19;UK;51.507.351;-0.127758
334;Maine coon; 1.83 ;22;female;TRUE;58; 5.3 ;red/cream;solid;yellow;FALSE;dry;14;20;UK;52.486.244;-1.890.401
335;Maine coon; 1.83 ;22;female;FALSE;59; 6.3 ;black;solid;yellow;FALSE;wet;13;16;UK;51.507.351;-0.127758
336;Maine coon; 1.92 ;23;male;TRUE;40; 3.4 ;red/cream;tabby;yellow;FALSE;dry;12;20;Germany;51.227.741;6.773.456
337;Maine coon; 1.92 ;23;female;TRUE;36; 3.2 ;white;solid;blue;FALSE;dry;44;13;UK;51.507.351;-0.127758
338;Maine coon; 1.92 ;23;male;TRUE;53;4;red/cream;solid;yellow;FALSE;dry;30;18;Germany;52.520.008;13.404.954
339;Maine coon;2,00;24;male;TRUE;31;3;white;solid;yellow;TRUE;wet;34;13;UK;52.486.244;-1.890.401
340;Maine coon;2,00;24;female;TRUE;46; 3.8 ;black;solid;yellow;FALSE;wet;24;13;UK;51.507.351;-0.127758
341;Maine coon;2,00;24;female;FALSE;32; 3.8 ;white;solid;blue;FALSE;dry;23;13;UK;52.486.244;-1.890.401
342;;2,00;24;female;FALSE;38; 3.3 ;brown/chocolate;tabby;yellow;FALSE;dry;29;13;UK;51.507.351;-0.127758
343;; 2.08 ;25;female;TRUE;76; 6.31 ;black;solid;yellow;FALSE;wet;33;13;UK;53.480.759;-2.242.631
344;; 2.08 ;25;female;FALSE;78; 7.3 ;black;solid;yellow;FALSE;wet;14;13;UK;53.480.759;-2.242.631
345;; 2.17 ;26;female;FALSE;70;6;black;solid;yellow;FALSE;dry;25;13;UK;53.480.759;-2.242.631
346;;;;;;56; 6.09 ;black;solid;green;FALSE;wet;38;13;UK;52.486.244;-1.890.401
347;Maine coon; 2.17 ;26;male;FALSE;85;9;red/cream;tabby;yellow;FALSE;wet;32;13;UK;53.480.759;-2.242.631
348;Maine coon; 2.17 ;26;female;TRUE;66; 5.36 ;brown/chocolate;tabby;yellow;FALSE;wet;39;13;UK;52.486.244;-1.890.401
349;Maine coon; 2.17 ;26;male;TRUE;51; 9.4 ;brown/chocolate;tabby;yellow;FALSE;wet;39;17;UK;53.408.371;-2.991.573
350;Maine coon; 2.17 ;26;male;TRUE;93; 11.3 ;black;solid;yellow;FALSE;wet;29;13;UK;53.408.371;-2.991.573
351;Maine coon; 2.17 ;26;female;TRUE;65; 4.9 ;brown/chocolate;tabby;yellow;FALSE;dry;10;13;UK;52.486.244;-1.890.401
352;Maine coon; 2.17 ;26;female;FALSE;59; 6.61 ;black;solid;yellow;FALSE;wet;16;16;UK;53.408.371;-2.991.573
353;Maine coon; 2.25 ;27;female;FALSE;66; 8.42 ;brown/chocolate;tabby;yellow;FALSE;dry;15;13;UK;53.800.755;-1.549.077
354;Maine coon; 2.25 ;27;female;TRUE;55; 8.47 ;black;solid;yellow;FALSE;wet;10;13;UK;52.486.244;-1.890.401
355;Maine coon; 2.33 ;28;male;FALSE;74; 7.2 ;brown/chocolate;tabby;yellow;FALSE;wet;19;13;UK;51.507.351;-0.127758
356;Maine coon; 2.33 ;28;male;TRUE;68; 9.9 ;red/cream;tabby;yellow;FALSE;dry;16;17;UK;53.408.371;-2.991.573
357;Maine coon; 2.33 ;28;female;TRUE;80; 6.9 ;black;solid;yellow;TRUE;wet;41;16;UK;52.486.244;-1.890.401
358;My coon; 2.42 ;29;male;TRUE;71; 8.3 ;red/cream;tabby;yellow;FALSE;wet;12;17;Germany;51.227.741;6.773.456
359;Maine coon; 2.5 ;30;male;FALSE;56; 8.5 ;brown/chocolate;tabby;green;FALSE;wet;10;16;Germany;52.520.008;13.404.954
360;Maine coon; 2.5 ;30;male;TRUE;61; 9.7 ;black;solid;yellow;FALSE;wet;21;13;Germany;48.137.154;11.576.124
361;Maine coon; 2.5 ;30;male;TRUE;72; 9.1 ;red/cream;tabby;yellow;FALSE;wet;24;13;Germany;48.137.154;11.576.124
362;Maine coon; 2.58 ;31;female;TRUE;79; 7.15 ;brown/chocolate;tabby;green;FALSE;dry;32;13;Germany;50.110.924;8.682.127
363;Maine coon; 2.58 ;31;male;TRUE;85; 9.4 ;red/cream;tabby;green;FALSE;dry;44;13;Germany;52.520.008;13.404.954
364;;;;;;55;8;brown/chocolate;tabby;yellow;FALSE;dry;17;13;UK;52.486.244;-1.890.401
365;Maine coon; 2.58 ;31;male;TRUE;85; 9.6 ;black;solid;yellow;TRUE;dry;27;13;UK;53.480.759;-2.242.631
366;Maine coon; 2.58 ;31;female;TRUE;45; 6.09 ;black;solid;yellow;FALSE;dry;35;13;UK;53.408.371;-2.991.573
367;Maine coon; 2.67 ;32;male;TRUE;60; 9.6 ;brown/chocolate;tabby;yellow;FALSE;wet;14;13;UK;53.480.759;-2.242.631
368;Maine coon; 2.75 ;33;female;FALSE;69; 7.77 ;black;solid;yellow;FALSE;dry;32;17;UK;52.486.244;-1.890.401
369;Maine coon; 2.83 ;34;female;TRUE;53; 3.75 ;red/cream;solid;yellow;FALSE;wet;20;13;UK;53.480.759;-2.242.631
370;;;;;;77;5;black;solid;yellow;FALSE;wet;28;17;UK;53.408.371;-2.991.573
371;Maine coon; 2.83 ;34;male;TRUE;83; 10.8 ;red/cream;tabby;green;FALSE;dry;31;17;USA;4.235.843;-7.105.977
372;Maine coon; 2.92 ;35;male;TRUE;52; 8.4 ;black;bicolor;yellow;FALSE;dry;12;13;USA;4.071.427;-7.400.597
373;Maine coon; 2.92 ;35;male;FALSE;72;8;white;solid;yellow;FALSE;wet;25;17;USA;4.071.427;-7.400.597
374;Maine coon;3,00;36;male;TRUE;70; 7.1 ;black;solid;yellow;FALSE;wet;28;16;USA;4.552.345;-12.267.621
375;;3,00;36;female;TRUE;60; 4.96 ;brown/chocolate;tabby;yellow;FALSE;dry;18;13;USA;4.552.345;-12.267.621
376;Maine coon;3,00;36;female;FALSE;41; 5.36 ;black;solid;yellow;FALSE;wet;18;13;USA;3.929.038;-7.661.219
377;Maine coon; 3.08 ;37;male;TRUE;62; 10.4 ;red/cream;tabby;yellow;TRUE;wet;30;16;USA;41.881.832;-87.623.177
378;Maine coon; 3.08 ;37;female;FALSE;79; 6.55 ;black;solid;yellow;FALSE;wet;12;13;USA;4.235.843;-7.105.977
379;Maine coon; 3.17 ;38;female;TRUE;62; 7.12 ;brown/chocolate;solid;yellow;FALSE;wet;10;13;USA;41.881.832;-87.623.177
380;Maine coon; 3.17 ;38;male;FALSE;53; 7.1 ;black;bicolor;yellow;FALSE;wet;26;16;Germany;48.137.154;11.576.124
381;Maine coon; 3.17 ;38;male;FALSE;80; 9.8 ;black;solid;yellow;FALSE;dry;16;13;Germany;52.520.008;13.404.954
382;My coon; 3.25 ;39;male;TRUE;72; 10.8 ;brown/chocolate;solid;yellow;FALSE;dry;12;13;Germany;50.110.924;8.682.127
383;Maine coon; 3.33 ;40;female;TRUE;80; 5.47 ;black;solid;yellow;FALSE;wet;24;17;Germany;50.110.924;8.682.127
384;Maine coon; 3.42 ;41;male;TRUE;60; 10.1 ;brown/chocolate;tabby;yellow;FALSE;wet;15;13;Germany;50.110.924;8.682.127
385;Maine coon; 3.42 ;41;male;FALSE;73; 9.8 ;brown/chocolate;solid;yellow;FALSE;wet;37;13;Germany;52.520.008;13.404.954
386;Maine coon; 3.58 ;43;female;FALSE;71; 5.79 ;red/cream;solid;yellow;FALSE;dry;20;13;Germany;50.110.924;8.682.127
387;Maine coon; 3.58 ;43;male;FALSE;67; 10.5 ;brown/chocolate;tabby;yellow;FALSE;wet;12;16;Germany;48.137.154;11.576.124
388;Maine coon; 3.58 ;43;female;FALSE;75; 8.22 ;black;solid;yellow;FALSE;wet;39;16;USA;4.071.427;-7.400.597
389;Maine coon; 3.58 ;43;female;TRUE;51; 6.67 ;brown/chocolate;tabby;yellow;TRUE;dry;32;13;USA;4.235.843;-7.105.977
390;Maine coon; 3.67 ;44;male;TRUE;53; 7.3 ;brown/chocolate;tabby;yellow;FALSE;wet;36;13;USA;4.552.345;-12.267.621
391;Maine coon; 3.75 ;45;female;TRUE;67; 4.8 ;black;solid;green;FALSE;dry;20;13;USA;3.929.038;-7.661.219
392;Maine coon; 3.83 ;46;female;TRUE;72; 7.1 ;black;bicolor;yellow;FALSE;wet;26;13;USA;3.889.511;-7.703.637
393;Maine coon; 3.83 ;46;female;TRUE;47; 5.65 ;black;solid;green;FALSE;wet;20;13;USA;3.929.038;-7.661.219
394;Maine coon; 3.83 ;46;female;FALSE;42; 7.01 ;brown/chocolate;bicolor;yellow;FALSE;dry;27;13;USA;4.235.843;-7.105.977
395;; 3.83 ;46;female;TRUE;37; 5.96 ;white;solid;blue;FALSE;wet;29;13;USA;4.760.621;-12.233.207
396;; 3.92 ;47;male;TRUE;67; 7.8 ;brown/chocolate;tabby;green;FALSE;dry;35;13;USA;3.889.511;-7.703.637
397;; 4.08 ;49;female;TRUE;49; 6.28 ;black;bicolor;yellow;TRUE;wet;10;13;USA;3.889.511;-7.703.637
398;; 4.08 ;49;female;TRUE;67; 7.09 ;black;solid;yellow;FALSE;dry;27;13;USA;3.889.511;-7.703.637
399;; 4.08 ;49;male;FALSE;86; 8.4 ;black;bicolor;yellow;FALSE;wet;11;13;USA;3.889.511;-7.703.637
400;; 4.08 ;49;female;FALSE;38; 5.06 ;white;solid;blue;FALSE;wet;9;13;USA;3.777.493;-12.241.942
401;Maine coon; 4.17 ;50;female;TRUE;39; 8.21 ;brown/chocolate;solid;yellow;FALSE;wet;4;13;USA;4.071.427;-7.400.597
402;Maine coon; 4.17 ;50;male;TRUE;79; 11.5 ;red/cream;tabby;green;FALSE;wet;18;13;USA;4.071.427;-7.400.597
403;Maine coon; 4.17 ;50;female;FALSE;57; 7.44 ;black;solid;yellow;FALSE;dry;13;13;USA;3.889.511;-7.703.637
404;Maine coon; 4.25 ;51;female;TRUE;69; 8.68 ;black;bicolor;yellow;FALSE;dry;9;13;USA;4.071.427;-7.400.597
405;Maine coon; 4.25 ;51;female;TRUE;70;5;black;solid;yellow;FALSE;dry;30;16;USA;4.071.427;-7.400.597
406;Maine coon; 4.25 ;51;male;TRUE;83; 10.5 ;brown/chocolate;tabby;yellow;TRUE;dry;37;13;USA;4.760.621;-12.233.207
407;Maine coon; 4.25 ;51;male;FALSE;83; 11.3 ;black;solid;yellow;FALSE;dry;36;16;USA;4.235.843;-7.105.977
408;Maine coon; 4.33 ;52;male;TRUE;70; 9.7 ;white;solid;blue;FALSE;wet;38;13;USA;4.552.345;-12.267.621
409;Maine coon; 4.33 ;52;female;TRUE;48; 4.88 ;black;solid;yellow;FALSE;wet;25;13;USA;4.235.843;-7.105.977
410;Maine coon; 4.33 ;52;male;TRUE;63; 10.3 ;brown/chocolate;tabby;yellow;FALSE;dry;27;13;USA;41.881.832;-87.623.177
411;Maine coon; 4.42 ;53;female;TRUE;77; 6.39 ;black;solid;yellow;FALSE;wet;33;16;USA;3.929.038;-7.661.219
412;Maine coon; 4.42 ;53;female;FALSE;79; 6.25 ;black;solid;green;FALSE;wet;19;13;USA;3.889.511;-7.703.637
413;Maine coon; 4.42 ;53;;FALSE;46; 6.62 ;black;tortie;yellow;FALSE;wet;12;13;USA;4.235.843;-7.105.977
414;Maine coon; 4.5 ;54;;TRUE;72; 4.8 ;black;solid;yellow;FALSE;wet;26;17;USA;4.071.427;-7.400.597
415;Maine coon; 4.58 ;55;;FALSE;58; 7.5 ;red/cream;tabby;yellow;FALSE;wet;18;13;USA;3.889.511;-7.703.637
416;Maine coon; 4.58 ;55;;TRUE;57; 8.7 ;red/cream;solid;yellow;FALSE;dry;19;13;USA;4.071.427;-7.400.597
417;My coon; 4.67 ;56;;TRUE;71;7;brown/chocolate;tabby;yellow;TRUE;wet;21;13;USA;4.071.427;-7.400.597
418;My coon; 4.67 ;56;male;TRUE;51;9;brown/chocolate;tabby;yellow;FALSE;wet;21;13;USA;4.235.843;-7.105.977
419;My coon; 4.75 ;57;female;TRUE;50; 5.92 ;black;solid;yellow;FALSE;wet;9;13;USA;4.071.427;-7.400.597
420;My coon; 4.75 ;57;female;TRUE;48; 6.31 ;black;solid;green;FALSE;wet;34;13;USA;3.777.493;-12.241.942
421;Maine coon; 4.75 ;57;male;TRUE;84; 11.3 ;black;solid;yellow;TRUE;wet;15;13;USA;4.071.427;-7.400.597
422;Maine coon; 4.83 ;58;male;FALSE;54;7;brown/chocolate;tabby;green;FALSE;wet;37;13;USA;4.760.621;-12.233.207
423;Maine coon; 4.83 ;58;female;FALSE;74; 4.95 ;black;tortie;yellow;FALSE;wet;27;13;USA;4.071.427;-7.400.597
424;Maine coon; 4.83 ;58;female;TRUE;42; 6.19 ;brown/chocolate;tabby;yellow;FALSE;dry;25;13;USA;4.071.427;-7.400.597
425;Maine coon; 4.92 ;59;female;TRUE;39; 4.54 ;white;solid;blue;FALSE;dry;34;13;USA;4.235.843;-7.105.977
426;My coon; 4.92 ;59;female;TRUE;56; 8.89 ;black;solid;yellow;FALSE;wet;12;13;USA;41.881.832;-87.623.177
427;Maine coon;5,00;60;female;TRUE;59; 5.76 ;black;solid;yellow;FALSE;dry;34;13;USA;4.760.621;-12.233.207
428;Maine coon;5,00;60;male;FALSE;48; 8.1 ;black;solid;yellow;FALSE;wet;31;17;USA;3.777.493;-12.241.942
429;Maine coon;5,00;60;male;TRUE;76; 8.4 ;black;solid;green;FALSE;wet;27;13;USA;4.552.345;-12.267.621
430;Maine coon;5,00;60;female;TRUE;68; 4.23 ;black;solid;yellow;FALSE;wet;16;16;USA;41.881.832;-87.623.177
431;Maine coon;5,00;60;male;TRUE;77; 10.6 ;red/cream;tabby;yellow;TRUE;wet;22;13;USA;4.071.427;-7.400.597
432;Maine coon;5,00;60;male;FALSE;72; 8.1 ;brown/chocolate;solid;yellow;FALSE;dry;11;13;USA;4.552.345;-12.267.621
433;Maine coon; 5.08 ;61;female;TRUE;49; 8.26 ;black;solid;yellow;FALSE;dry;34;13;USA;4.760.621;-12.233.207
434;Maine coon; 5.08 ;61;male;TRUE;85; 9.8 ;black;solid;yellow;FALSE;dry;23;13;USA;4.071.427;-7.400.597
435;Maine coon; 5.17 ;62;female;TRUE;72; 5.31 ;black;solid;yellow;FALSE;wet;24;13;USA;4.071.427;-7.400.597
436;Maine coon; 5.17 ;62;male;FALSE;83; 10.5 ;black;solid;yellow;FALSE;wet;37;17;USA;4.760.621;-12.233.207
437;My coon; 5.17 ;62;female;TRUE;42; 6.11 ;black;solid;yellow;FALSE;wet;30;13;USA;4.071.427;-7.400.597
438;My coon; 5.17 ;62;male;TRUE;68; 9.7 ;red/cream;solid;yellow;FALSE;wet;9;16;USA;3.929.038;-7.661.219
439;My coon; 5.25 ;63;male;TRUE;88; 8.8 ;brown/chocolate;solid;yellow;TRUE;dry;4;13;USA;3.777.493;-12.241.942
440;My coon; 5.25 ;63;female;TRUE;51; 7.89 ;black;solid;yellow;FALSE;dry;29;13;USA;3.889.511;-7.703.637
441;My coon; 5.25 ;63;female;TRUE;53; 3.76 ;brown/chocolate;solid;yellow;FALSE;wet;18;13;Canada;45.508.888;-73.561.668
442;My coon; 5.25 ;63;male;FALSE;79; 11.6 ;black;solid;yellow;FALSE;dry;11;13;Canada;49.246.292;-123.116.226
443;Maine coon; 5.33 ;64;female;FALSE;64; 6.67 ;black;bicolor;yellow;FALSE;wet;24;13;Canada;51.049.999;-114.066.666
444;Maine coon; 5.33 ;64;female;TRUE;53; 7.1 ;black;solid;yellow;TRUE;wet;18;16;Canada;51.049.999;-114.066.666
445;Maine coon; 5.42 ;65;female;TRUE;57; 8.18 ;brown/chocolate;tabby;yellow;FALSE;wet;14;16;Canada;4.365.107;-79.347.015
446;Maine coon; 5.42 ;65;male;FALSE;66; 7.5 ;red/cream;tabby;yellow;FALSE;wet;10;13;Canada;49.246.292;-123.116.226
447;; 5.42 ;65;male;TRUE;51; 9.2 ;black;solid;yellow;FALSE;dry;18;13;Canada;4.365.107;-79.347.015
448;; 5.5 ;66;;;;;;;;;;;13;Canada;51.049.999;-114.066.666
449;; 5.5 ;66;male;TRUE;57;10;black;solid;yellow;FALSE;dry;34;13;Canada;4.365.107;-79.347.015
450;; 5.58 ;67;male;FALSE;68; 10.2 ;red/cream;tabby;green;FALSE;wet;36;16;Canada;49.246.292;-123.116.226
451;; 5.58 ;67;female;TRUE;73; 7.6 ;black;solid;green;FALSE;wet;27;13;Canada;49.246.292;-123.116.226
452;Maine coon; 5.58 ;67;female;TRUE;73; 6.15 ;black;solid;yellow;FALSE;wet;35;13;Canada;51.049.999;-114.066.666
453;Maine coon; 5.58 ;67;female;FALSE;39; 4.76 ;white;solid;blue;FALSE;wet;10;17;Canada;4.365.107;-79.347.015
454;My coon; 5.58 ;67;female;FALSE;70; 4.6 ;black;tortie;yellow;FALSE;wet;18;13;Canada;45.508.888;-73.561.668
455;My coon; 5.67 ;68;female;TRUE;71; 5.2 ;black;solid;yellow;FALSE;dry;18;13;Canada;51.049.999;-114.066.666
456;My coon; 5.67 ;68;female;FALSE;56; 5.8 ;black;solid;green;FALSE;wet;31;13;Canada;45.508.888;-73.561.668
457;My coon; 5.67 ;68;male;TRUE;83; 8.1 ;brown/chocolate;tabby;yellow;FALSE;dry;28;13;Canada;49.246.292;-123.116.226
458;My coon; 5.67 ;68;male;FALSE;80; 9.6 ;red/cream;tabby;yellow;FALSE;dry;13;17;Canada;4.542.153;-75.697.193
459;Maine coon; 5.75 ;69;female;TRUE;43; 7.65 ;brown/chocolate;tortie;green;FALSE;wet;36;16;Canada;4.365.107;-79.347.015
460;Maine coon; 5.75 ;69;female;TRUE;39; 6.29 ;white;solid;blue;FALSE;wet;30;13;Canada;51.049.999;-114.066.666
461;Maine coon; 5.75 ;69;male;TRUE;51; 8.9 ;black;solid;yellow;TRUE;dry;14;13;USA;41.881.832;-87.623.177
462;Maine coon; 5.75 ;69;female;FALSE;68; 5.58 ;black;tortie;yellow;FALSE;dry;15;16;USA;3.929.038;-7.661.219
463;Maine coon; 5.75 ;69;female;TRUE;51; 5.91 ;white;solid;yellow;TRUE;wet;13;13;USA;4.552.345;-12.267.621
464;Maine loon; 5.83 ;70;male;TRUE;51; 7.9 ;black;solid;yellow;TRUE;wet;21;13;USA;4.071.427;-7.400.597
465;Maine coon; 5.92 ;71;male;FALSE;76; 10.4 ;red/cream;tabby;yellow;FALSE;wet;28;;;;
466;Maine loon;-5916666667,00;-71;female;TRUE;43; 5.59 ;black;solid;yellow;FALSE;wet;18;;;;
467;Maine coon;-5916666667,00;-71;male;TRUE;56;7;red/cream;tabby;yellow;FALSE;dry;30;;;;
468;Maine coon;-6,00;-72;female;TRUE;59; 7.56 ;black;solid;yellow;FALSE;wet;20;;;;
469;Maine coon;-6,00;-72;male;FALSE;83;10;black;solid;green;FALSE;wet;10;;;;
470;Maine coon;-6083333333,00;-73;;FALSE;72; 9.3 ;brown/chocolate;tabby;green;FALSE;wet;35;;;;
471;Maine coon;-6166666667,00;-74;;TRUE;58; 9.1 ;black;solid;yellow;TRUE;wet;20;;;;
472;Maine coon;-6166666667,00;-74;;FALSE;55;5;black;solid;yellow;FALSE;dry;31;;;;
473;Maine coon; 6.17 ;74;;FALSE;87; 11.5 ;black;bicolor;yellow;FALSE;wet;30;;;;
474;Maine coon; 6.17 ;74;;TRUE;45; 3.65 ;brown/chocolate;solid;yellow;FALSE;dry;22;;;;
475;Maine coon; 6.25 ;75;;FALSE;87; 8.3 ;brown/chocolate;tabby;yellow;FALSE;dry;36;;;;
476;Maine coon; 6.25 ;75;;FALSE;54; 4.13 ;brown/chocolate;tabby;yellow;FALSE;dry;36;13;USA;4.071.427;-7.400.597
477;Maine coon; 6.25 ;75;;TRUE;56; 8.2 ;red/cream;tabby;yellow;FALSE;wet;23;13;USA;3.889.511;-7.703.637
478;Maine coon; 6.25 ;75;male;TRUE;60; 9.9 ;red/cream;tabby;yellow;FALSE;wet;10;17;USA;4.760.621;-12.233.207
479;Maine coon; 6.25 ;75;male;TRUE;73; 11.2 ;white;solid;blue;FALSE;wet;21;13;Germany;52.520.008;13.404.954
480;Maine coon; 6.33 ;76;female;TRUE;41; 6.92 ;black;solid;yellow;TRUE;wet;27;13;USA;4.760.621;-12.233.207
481;Maine coon; 6.33 ;76;female;TRUE;42; 8.13 ;brown/chocolate;tabby;yellow;FALSE;dry;19;16;USA;3.889.511;-7.703.637
482;My coon; 6.33 ;76;female;TRUE;41; 4.2 ;brown/chocolate;tabby;green;FALSE;wet;17;13;USA;3.889.511;-7.703.637
483;Maine coon; 6.33 ;76;female;FALSE;62; 8.31 ;black;solid;yellow;FALSE;dry;9;13;USA;4.071.427;-7.400.597
484;Maine coon; 6.42 ;77;male;FALSE;70; 8.1 ;brown/chocolate;tabby;yellow;FALSE;wet;27;13;USA;3.929.038;-7.661.219
485;Maine coon; 6.42 ;77;male;TRUE;66; 11.3 ;brown/chocolate;tabby;yellow;FALSE;wet;33;13;USA;3.929.038;-7.661.219
486;Maine coon; 6.42 ;77;female;FALSE;63; 6.84 ;black;solid;yellow;FALSE;wet;13;16;USA;4.235.843;-7.105.977
487;Maine coon; 6.5 ;78;male;FALSE;84; 11.3 ;brown/chocolate;tabby;yellow;FALSE;wet;11;13;USA;3.777.493;-12.241.942
488;Maine coon; 6.67 ;80;male;TRUE;59; 8.4 ;black;solid;green;TRUE;dry;27;17;USA;4.071.427;-7.400.597
489;Maine coon; 6.67 ;80;male;TRUE;76; 9.4 ;black;solid;yellow;FALSE;wet;36;17;USA;4.235.843;-7.105.977
490;Maine coon; 6.67 ;80;male;FALSE;84; 10.2 ;red/cream;tabby;yellow;FALSE;dry;33;17;USA;4.071.427;-7.400.597
491;My coon; 6.75 ;81;male;TRUE;51; 8.7 ;black;solid;yellow;FALSE;wet;13;13;USA;4.552.345;-12.267.621
492;Maine coon; 6.75 ;81;male;TRUE;75; 11.7 ;brown/chocolate;tabby;yellow;FALSE;wet;18;13;USA;3.777.493;-12.241.942
493;Maine coon; 6.75 ;81;male;TRUE;56; 9.7 ;white;solid;yellow;TRUE;wet;18;17;USA;41.881.832;-87.623.177
494;Maine coon; 6.83 ;82;female;FALSE;76; 7.24 ;brown/chocolate;tabby;yellow;FALSE;dry;35;16;Germany;48.137.154;11.576.124
495;Maine coon; 6.83 ;82;female;TRUE;63; 7.82 ;brown/chocolate;tortie;yellow;FALSE;wet;18;16;Germany;48.137.154;11.576.124
496;Maine coon; 6.83 ;82;male;TRUE;78; 8.7 ;black;solid;yellow;FALSE;wet;9;13;Germany;48.137.154;11.576.124
497;Maine coon; 6.83 ;82;male;TRUE;78; 7.5 ;brown/chocolate;tabby;green;TRUE;dry;9;16;Germany;52.520.008;13.404.954
498;Maine coon; 6.83 ;82;female;FALSE;49; 8.41 ;black;solid;yellow;FALSE;dry;34;13;Germany;48.137.154;11.576.124
499;Maine coon; 6.83 ;82;female;TRUE;37; 6.98 ;white;solid;yellow;FALSE;wet;34;13;Germany;51.227.741;6.773.456
500;Maine coon; 6.92 ;83;male;TRUE;48; 6.2 ;red/cream;tabby;yellow;FALSE;wet;23;17;Germany;51.227.741;6.773.456
501;Maine coon; 6.92 ;83;;TRUE;59; 9.8 ;black;solid;yellow;FALSE;wet;36;17;Germany;51.227.741;6.773.456
502;Maine coon; 6.92 ;83;;FALSE;75; 9.3 ;black;solid;yellow;FALSE;wet;25;16;Germany;52.520.008;13.404.954
503;Maine coon; 6.92 ;83;;FALSE;78; 8.8 ;red/cream;tabby;yellow;FALSE;wet;29;13;Germany;50.110.924;8.682.127
504;Maine coon;7,00;84;;TRUE;42; 3.99 ;black;solid;yellow;TRUE;wet;21;13;Germany;50.110.924;8.682.127
505;Maine coon;7,00;84;;FALSE;88; 10.1 ;black;solid;yellow;FALSE;wet;40;16;USA;3.777.493;-12.241.942
506;Maine loon;7,00;84;;TRUE;78;11;red/cream;tabby;yellow;FALSE;wet;29;13;Germany;50.110.924;8.682.127
507;Maine coon;7,00;84;;TRUE;41; 8.23 ;black;solid;yellow;FALSE;dry;25;13;USA;4.071.427;-7.400.597
508;Maine coon;7,00;84;;FALSE;52; 7.96 ;black;tortie;yellow;FALSE;wet;30;13;USA;3.929.038;-7.661.219
509;Maine coon; 7.08 ;85;;TRUE;65; 6.7 ;brown/chocolate;solid;yellow;FALSE;wet;26;17;USA;4.071.427;-7.400.597
510;Maine coon; 7.08 ;85;female;TRUE;80; 5.62 ;black;solid;yellow;TRUE;wet;11;19;USA;4.552.345;-12.267.621
511;My coon; 7.17 ;86;male;TRUE;78;11;red/cream;tabby;yellow;FALSE;wet;39;16;USA;3.929.038;-7.661.219
512;Maine coon; 7.17 ;86;male;TRUE;65; 8.7 ;brown/chocolate;tabby;yellow;FALSE;wet;11;19;USA;4.235.843;-7.105.977
513;Maine coon; 7.17 ;86;male;TRUE;62;7;black;solid;yellow;TRUE;wet;9;17;USA;4.235.843;-7.105.977
514;Maine coon; 7.17 ;86;male;TRUE;73;8;black;solid;yellow;FALSE;dry;9;17;USA;3.777.493;-12.241.942
515;Maine coon; 7.17 ;86;female;TRUE;48; 7.3 ;black;solid;yellow;FALSE;dry;37;19;USA;3.777.493;-12.241.942
516;My coon; 7.17 ;86;female;FALSE;49;7;black;solid;yellow;FALSE;wet;27;19;USA;4.235.843;-7.105.977
517;My coon; 7.25 ;87;female;TRUE;49; 6.43 ;red/cream;solid;yellow;FALSE;dry;37;17;USA;4.235.843;-7.105.977
518;Maine coon; 7.25 ;87;female;TRUE;72; 5.28 ;black;solid;green;TRUE;wet;23;19;USA;3.889.511;-7.703.637
519;Maine coon; 7.25 ;87;female;FALSE;73; 8.14 ;brown/chocolate;tabby;yellow;FALSE;wet;17;21;USA;4.235.843;-7.105.977
520;Maine coon; 7.25 ;87;male;TRUE;69; 10.4 ;red/cream;tabby;yellow;FALSE;wet;37;19;USA;4.071.427;-7.400.597
521;Maine coon; 7.25 ;87;male;TRUE;67; 8.5 ;brown/chocolate;tabby;yellow;FALSE;dry;20;17;USA;4.235.843;-7.105.977
522;Maine coon; 7.42 ;89;male;TRUE;77; 11.3 ;brown/chocolate;tabby;yellow;TRUE;wet;12;17;USA;4.235.843;-7.105.977
523;Maine coon; 7.42 ;89;male;TRUE;52;9;black;solid;yellow;FALSE;wet;9;16;USA;4.235.843;-7.105.977
524;Maine coon; 7.42 ;89;male;TRUE;89; 10.5 ;brown/chocolate;solid;yellow;FALSE;dry;10;19;USA;4.235.843;-7.105.977
525;Maine coon; 7.5 ;90;male;FALSE;79; 8.1 ;black;solid;green;FALSE;wet;21;13;USA;4.071.427;-7.400.597
526;Maine loon; 7.5 ;90;female;FALSE;65; 7.86 ;brown/chocolate;tabby;yellow;FALSE;wet;34;19;USA;3.889.511;-7.703.637
527;Maine coon; 7.5 ;90;female;TRUE;51; 7.86 ;black;solid;yellow;FALSE;wet;36;21;USA;3.777.493;-12.241.942
528;Maine coon; 7.5 ;90;male;TRUE;48; 8.2 ;black;solid;yellow;TRUE;wet;27;16;USA;4.071.427;-7.400.597
529;Maine coon; 7.58 ;91;male;FALSE;85; 7.9 ;black;solid;yellow;FALSE;dry;35;16;USA;4.760.621;-12.233.207
530;Maine coon; 7.58 ;91;male;FALSE;85; 7.4 ;black;solid;yellow;FALSE;dry;37;17;USA;3.929.038;-7.661.219
531;Maine coon; 7.67 ;92;female;FALSE;34; 3.61 ;black;bicolor;green;FALSE;wet;32;13;USA;3.889.511;-7.703.637
532;Maine coon; 7.67 ;92;male;FALSE;79; 11.3 ;black;solid;green;FALSE;wet;19;16;USA;4.235.843;-7.105.977
533;My coon; 7.67 ;92;male;TRUE;102; 10.1 ;black;solid;yellow;FALSE;wet;16;13;USA;4.760.621;-12.233.207
534;Maine coon; 7.83 ;94;female;FALSE;77; 5.84 ;brown/chocolate;tabby;green;FALSE;dry;23;18;USA;4.235.843;-7.105.977
535;Maine coon; 7.83 ;94;male;TRUE;56; 11.1 ;black;solid;yellow;FALSE;wet;12;16;USA;3.777.493;-12.241.942
536;Maine coon; 7.92 ;95;male;FALSE;75; 9.5 ;black;solid;yellow;FALSE;wet;35;19;USA;4.071.427;-7.400.597
537;Maine coon; 7.92 ;95;male;TRUE;81; 7.3 ;red/cream;tabby;yellow;FALSE;wet;17;20;USA;3.929.038;-7.661.219
538;Maine coon; 7.92 ;95;male;FALSE;81; 7.6 ;brown/chocolate;tabby;yellow;FALSE;wet;11;13;USA;41.881.832;-87.623.177
539;Maine coon;8,00;96;male;TRUE;97; 10.9 ;black;solid;yellow;TRUE;dry;11;20;USA;4.552.345;-12.267.621
540;Maine coon; 8.17 ;98;female;TRUE;40; 5.45 ;black;solid;yellow;FALSE;wet;29;17;USA;3.929.038;-7.661.219
541;Maine coon;4,00;48;female;FALSE;74; 5.3 ;black;tortie;yellow;FALSE;wet;11;13;USA;3.929.038;-7.661.219
542;Maine loon; 8.25 ;99;male;TRUE;79; 10.4 ;black;solid;yellow;FALSE;wet;29;20;USA;4.071.427;-7.400.597
543;Maine coon; 8.33 ;100;female;FALSE;62; 5.49 ;black;solid;yellow;FALSE;wet;10;18;USA;3.777.493;-12.241.942
544;Maine coon; 7.67 ;92;female;TRUE;39; 7.98 ;white;solid;blue;FALSE;wet;37;21;USA;4.552.345;-12.267.621
545;Maine coon; 8.33 ;100;female;FALSE;57; 8.3 ;brown/chocolate;tabby;yellow;FALSE;wet;11;18;USA;4.760.621;-12.233.207
546;Maine coon; 8.42 ;101;female;TRUE;65; 7.79 ;red/cream;bicolor;yellow;FALSE;wet;15;19;USA;3.777.493;-12.241.942
547;Maine coon; 7.58 ;91;female;FALSE;80; 7.9 ;black;solid;yellow;FALSE;wet;38;18;USA;4.235.843;-7.105.977
548;Maine coon; 8.5 ;102;male;TRUE;67; 10.9 ;black;solid;green;FALSE;dry;20;20;USA;4.235.843;-7.105.977
549;Maine coon; 6.17 ;74;female;TRUE;56; 3.9 ;black;solid;yellow;TRUE;wet;27;13;USA;4.235.843;-7.105.977
550;Maine coon; 8.58 ;103;female;TRUE;71; 7.05 ;black;solid;green;FALSE;wet;29;18;USA;4.760.621;-12.233.207
551;Maine coon; 8.58 ;103;male;FALSE;85; 9.2 ;red/cream;tabby;green;FALSE;wet;31;20;USA;4.071.427;-7.400.597
552;Maine coon; 8.58 ;103;male;FALSE;86;10;red/cream;bicolor;yellow;FALSE;wet;35;19;USA;4.071.427;-7.400.597
553;Maine coon; 6.42 ;77;female;TRUE;38; 7.82 ;red/cream;solid;yellow;FALSE;dry;17;16;USA;4.235.843;-7.105.977
554;Maine coon; 7.83 ;94;male;TRUE;68; 11.6 ;black;solid;yellow;FALSE;dry;26;21;USA;4.235.843;-7.105.977
555;Maine coon; 5.42 ;65;female;TRUE;48; 4.15 ;brown/chocolate;bicolor;yellow;FALSE;wet;36;13;USA;3.777.493;-12.241.942
556;Maine coon; 8.67 ;104;female;FALSE;54; 7.99 ;black;solid;yellow;FALSE;dry;27;21;USA;3.777.493;-12.241.942
557;Maine coon; 5.58 ;67;female;TRUE;65; 5.16 ;black;solid;yellow;FALSE;wet;13;13;USA;4.552.345;-12.267.621
558;Maine coon; 6.42 ;77;female;FALSE;66;5;black;solid;green;FALSE;wet;10;13;USA;3.889.511;-7.703.637
559;Maine coon; 8.75 ;105;female;FALSE;55; 7.35 ;black;solid;yellow;FALSE;wet;13;17;USA;3.929.038;-7.661.219
560;Maine coon;5,00;60;female;TRUE;64; 5.23 ;black;solid;yellow;TRUE;dry;37;13;USA;3.889.511;-7.703.637
561;Maine loon; 7.42 ;89;female;TRUE;42; 7.27 ;black;solid;yellow;FALSE;dry;12;17;USA;4.235.843;-7.105.977
562;Maine coon; 8.92 ;107;female;TRUE;59; 7.75 ;black;solid;yellow;FALSE;wet;18;20;USA;4.071.427;-7.400.597
563;Maine coon; 8.92 ;107;female;FALSE;75;6;black;solid;yellow;FALSE;dry;27;16;USA;4.235.843;-7.105.977
564;Maine coon; 4.83 ;58;female;TRUE;42; 5.12 ;brown/chocolate;tortie;yellow;FALSE;wet;36;13;USA;3.889.511;-7.703.637
565;Maine coon; 7.33 ;88;female;FALSE;79; 8.5 ;black;solid;green;FALSE;wet;12;17;USA;4.071.427;-7.400.597
566;Maine coon; 8.92 ;107;female;TRUE;36; 5.77 ;brown/chocolate;tabby;yellow;FALSE;wet;5;16;USA;4.071.427;-7.400.597
567;Maine coon; 8.92 ;107;female;TRUE;46; 8.07 ;black;solid;yellow;TRUE;wet;16;20;USA;41.881.832;-87.623.177
568;; 8.92 ;107;female;TRUE;36; 6.95 ;white;solid;yellow;FALSE;wet;26;19;USA;4.071.427;-7.400.597
569;; 7.58 ;91;male;FALSE;65; 9.7 ;brown/chocolate;tabby;yellow;FALSE;wet;39;20;USA;4.071.427;-7.400.597
570;;9,00;108;female;TRUE;64; 6.93 ;brown/chocolate;tabby;yellow;FALSE;dry;34;20;USA;4.071.427;-7.400.597
571;;9,00;108;male;TRUE;83; 11.3 ;black;solid;yellow;FALSE;wet;15;21;USA;4.235.843;-7.105.977
572;;9,00;108;male;TRUE;83; 11.6 ;red/cream;solid;yellow;FALSE;wet;37;20;USA;4.760.621;-12.233.207
573;;9,00;108;male;TRUE;75; 9.7 ;red/cream;solid;yellow;TRUE;dry;12;19;USA;4.071.427;-7.400.597
574;Maine coon; 9.08 ;109;male;FALSE;60; 8.3 ;black;solid;yellow;FALSE;wet;13;20;USA;4.071.427;-7.400.597
575;Maine coon; 9.08 ;109;male;FALSE;61; 7.9 ;black;solid;yellow;FALSE;dry;18;19;USA;3.929.038;-7.661.219
576;Maine coon; 9.17 ;110;male;TRUE;88; 10.5 ;black;solid;yellow;FALSE;wet;10;19;USA;4.071.427;-7.400.597
577;Maine coon; 8.5 ;102;female;FALSE;70; 6.01 ;black;solid;yellow;FALSE;wet;37;21;USA;3.889.511;-7.703.637
578;Maine loon; 9.25 ;111;male;TRUE;66; 11.3 ;red/cream;solid;yellow;FALSE;wet;12;19;USA;4.235.843;-7.105.977
579;Maine coon; 9.25 ;111;male;TRUE;69; 9.5 ;black;solid;yellow;FALSE;wet;25;19;USA;4.071.427;-7.400.597
580;Maine coon; 8.17 ;98;male;TRUE;52; 8.7 ;black;solid;yellow;FALSE;wet;23;20;USA;4.235.843;-7.105.977
581;Maine coon; 9.33 ;112;male;TRUE;65; 6.2 ;black;solid;yellow;FALSE;wet;21;21;USA;3.889.511;-7.703.637
582;Maine coon; 9.33 ;112;female;TRUE;64; 5.18 ;black;solid;yellow;FALSE;wet;45;18;USA;3.929.038;-7.661.219
583;Maine coon; 9.42 ;113;female;TRUE;49; 6.45 ;brown/chocolate;tabby;yellow;TRUE;wet;23;16;USA;4.760.621;-12.233.207
584;Maine coon; 4.92 ;59;female;FALSE;78; 5.1 ;black;solid;yellow;FALSE;wet;21;13;USA;4.071.427;-7.400.597
585;maine coon; 9.42 ;113;male;FALSE;69; 8.7 ;black;bicolor;yellow;FALSE;wet;31;19;USA;3.889.511;-7.703.637
586;Maine coon; 8.17 ;98;male;FALSE;67;7;black;solid;yellow;FALSE;dry;22;20;;;
587;Maine coon; 6.5 ;78;female;FALSE;51; 5.3 ;black;tortie;yellow;FALSE;wet;11;13;;;
588;Maine coon; 9.5 ;114;male;TRUE;87; 7.3 ;black;solid;yellow;FALSE;dry;16;20;;;
589;Maine coon; 9.5 ;114;female;TRUE;46; 8.34 ;black;solid;yellow;FALSE;wet;24;17;;;
590;Maine coon; 9.58 ;115;female;TRUE;76; 7.11 ;brown/chocolate;tabby;yellow;FALSE;wet;15;20;;;
591;maine coon; 7.67 ;92;male;TRUE;55; 8.4 ;red/cream;tabby;yellow;FALSE;dry;18;21;;;
592;Maine coon; 4.92 ;59;female;FALSE;48; 4.86 ;black;solid;yellow;FALSE;wet;16;16;;;
593;Maine coon; 9.58 ;115;male;TRUE;78; 12.1 ;black;bicolor;yellow;FALSE;dry;10;19;;;
594;Maine coon; 9.67 ;116;female;FALSE;65; 6.61 ;brown/chocolate;tabby;yellow;FALSE;dry;23;21;;;
595;Maine coon; 7.58 ;91;male;TRUE;59; 8.1 ;black;solid;yellow;FALSE;wet;38;18;;;
596;Maine coon; 9.67 ;116;female;FALSE;54; 8.13 ;black;solid;yellow;FALSE;dry;11;21;;;
597;Maine coon; 9.75 ;117;male;TRUE;74; 7.4 ;brown/chocolate;tabby;yellow;TRUE;dry;16;18;;;
598;maine coon;7,00;84;male;TRUE;63; 8.9 ;black;solid;yellow;FALSE;dry;17;16;;;
599;Maine coon; 4.08 ;49;female;FALSE;37; 3.51 ;white;solid;blue;FALSE;dry;17;16;;;
600;Maine coon; 6.5 ;78;male;TRUE;70; 10.9 ;black;solid;yellow;FALSE;wet;19;13;;;
601;Maine coon; 9.83 ;118;female;FALSE;76; 8.58 ;black;tortie;yellow;FALSE;dry;28;19;;;
602;Maine coon; 9.83 ;118;female;FALSE;72; 7.57 ;brown/chocolate;tabby;green;FALSE;wet;17;19;;;
603;Maine coon; 7.17 ;86;male;TRUE;48; 7.8 ;red/cream;tabby;yellow;FALSE;wet;27;17;;;
604;maine coon; 10.25 ;123;female;TRUE;60; 8.22 ;black;solid;yellow;FALSE;dry;9;21;;;
605;Maine coon; 6.33 ;76;female;TRUE;65; 5.4 ;black;solid;yellow;FALSE;wet;25;13;;;
606;Maine coon;10,00;120;female;FALSE;53; 6.5 ;black;tortie;yellow;FALSE;dry;14;17;;;
607;ragdoll; 0.25 ;3;female;TRUE;21; 3.1 ;red/cream;bicolor;blue;FALSE;wet;60;10;;;
608;Ragdoll; 0.33 ;4;male;FALSE;21;3;red/cream;colorpoint;blue;FALSE;dry;21;16;;;
609;Ragdoll; 0.33 ;4;female;FALSE;21;3;seal;tortie;green;FALSE;wet;31;16;;;
610;ragdoll; 0.33 ;4;male;FALSE;21;3;seal;colorpoint;blue;FALSE;wet;16;17;;;
611;ragdoll; 0.33 ;4;female;FALSE;21; 3.3 ;red/cream;bicolor;blue;FALSE;dry;14;16;;;
612;Ragdoll; 0.33 ;4;female;TRUE;22; 3.2 ;seal;colorpoint;green;FALSE;dry;16;20;;;
613;Ragdoll; 0.33 ;4;female;FALSE;22; 3.2 ;seal;colorpoint;blue;FALSE;wet;46;15;;;
614;Ragdoll; 0.33 ;4;male;FALSE;22; 3.2 ;seal;colorpoint;blue;FALSE;wet;48;21;;;
615;Ragdoll; 0.42 ;5;female;FALSE;22; 3.2 ;seal;bicolor;green;FALSE;wet;27;13;;;
616;Ragdoll; 0.42 ;5;male;FALSE;22; 3.2 ;red/cream;bicolor;blue;FALSE;wet;29;13;UK;53.408.371;-2.991.573
617;Ragdoll; 0.42 ;5;male;FALSE;23; 3.5 ;red/cream;colorpoint;blue;FALSE;wet;49;11;UK;53.480.759;-2.242.631
618;Ragdoll; 6.5 ;78;male;FALSE;26; 4.2 ;red/cream;bicolor;blue;FALSE;wet;42;13;UK;51.507.351;-0.127758
619;; 0.42 ;5;female;FALSE;26; 3.7 ;red/cream;bicolor;blue;FALSE;wet;28;12;UK;53.800.755;-1.549.077
620;; 6.67 ;80;female;FALSE;26;4;seal;colorpoint;blue;FALSE;wet;27;16;UK;53.408.371;-2.991.573
621;; 3.25 ;39;male;FALSE;25; 4.3 ;seal;colorpoint;blue;FALSE;wet;18;13;UK;53.800.755;-1.549.077
622;; 0.42 ;5;female;TRUE;21; 3.9 ;seal;colorpoint;green;;;;;;51.507.351;-0.127758
623;;4,00;48;female;FALSE;27; 4.4 ;seal;colorpoint;green;;;;;;53.408.371;-2.991.573
624;; 0.5 ;6;female;FALSE;25; 3.8 ;seal;colorpoint;blue;FALSE;wet;18;15;UK;51.507.351;-0.127758
625;; 3.42 ;41;male;FALSE;30; 4.8 ;seal;colorpoint;blue;FALSE;wet;31;13;UK;52.486.244;-1.890.401
626;Ragdoll;3,00;36;male;FALSE;26; 4.9 ;red/cream;bicolor;blue;FALSE;wet;20;16;UK;52.486.244;-1.890.401
627;Ragdoll; 1.08 ;13;male;FALSE;29;4;red/cream;colorpoint;green;FALSE;wet;46;16;UK;53.408.371;-2.991.573
628;Ragdoll; 6.5 ;78;female;FALSE;26; 4.1 ;seal;tortie;blue;FALSE;wet;22;13;UK;51.507.351;-0.127758
629;Ragdoll; 2.92 ;35;male;FALSE;29;5;seal;colorpoint;blue;FALSE;wet;21;16;USA;4.071.427;-7.400.597
630;Ragdoll; 1.5 ;18;male;FALSE;30; 5.3 ;red/cream;colorpoint;blue;FALSE;wet;11;17;USA;3.889.511;-7.703.637
631;Ragdoll; 0.5 ;6;male;FALSE;30; 4.2 ;red/cream;bicolor;amber;FALSE;wet;43;11;Germany;48.137.154;11.576.124
632;Ragdoll; 6.92 ;83;female;FALSE;22;4;lilac;bicolor;green;FALSE;wet;34;13;Germany;52.520.008;13.404.954
633;Ragdoll; 0.58 ;7;female;FALSE;20; 4.3 ;brown/chocolate;colorpoint;green;FALSE;wet;28;14;Germany;52.520.008;13.404.954
634;ragdoll; 3.42 ;41;female;FALSE;22; 4.4 ;seal;colorpoint;blue;FALSE;wet;14;16;Germany;52.520.008;13.404.954
635;ragdoll; 0.58 ;7;female;TRUE;21; 3.9 ;seal;colorpoint;blue;FALSE;wet;21;12;Germany;50.110.924;8.682.127
636;Ragdoll; 0.58 ;7;female;FALSE;24; 3.7 ;brown/chocolate;colorpoint;blue;FALSE;wet;17;13;Germany;50.110.924;8.682.127
637;Ragdoll; 4.67 ;56;male;FALSE;26; 4.5 ;seal;bicolor;blue;FALSE;wet;37;13;Germany;50.110.924;8.682.127
638;Ragdoll; 1.33 ;16;female;FALSE;28; 4.4 ;seal;colorpoint;blue;FALSE;dry;36;19;Germany;48.137.154;11.576.124
639;Ragdoll; 0.67 ;8;female;TRUE;23; 3.8 ;seal;colorpoint;green;FALSE;wet;26;21;Germany;51.227.741;6.773.456
640;Ragdoll; 0.67 ;8;female;TRUE;22; 3.8 ;seal;colorpoint;green;FALSE;wet;38;17;Germany;48.137.154;11.576.124
641;rack doll; 0.67 ;8;female;TRUE;21; 3.7 ;brown/chocolate;colorpoint;blue;FALSE;wet;47;16;Germany;48.137.154;11.576.124
642;Ragdoll; 0.67 ;8;male;TRUE;31; 4.3 ;red/cream;bicolor;blue;FALSE;wet;56;20;Germany;50.110.924;8.682.127
643;Ragdoll; 0.75 ;9;female;TRUE;25; 3.8 ;seal;colorpoint;blue;FALSE;wet;32;19;Germany;51.227.741;6.773.456
644;Ragdoll; 3.08 ;37;male;TRUE;25; 4.5 ;brown/chocolate;colorpoint;blue;FALSE;wet;19;16;Germany;52.520.008;13.404.954
645;Ragdoll; 1.67 ;20;female;TRUE;22; 4.3 ;seal;bicolor;green;FALSE;dry;45;19;Germany;48.137.154;11.576.124
646;rack doll; 0.83 ;10;female;TRUE;26; 3.5 ;seal;colorpoint;blue;FALSE;dry;53;20;Germany;50.110.924;8.682.127
647;Ragdoll; 0.83 ;10;female;TRUE;24; 3.9 ;seal;tortie;blue;FALSE;wet;42;20;Germany;52.520.008;13.404.954
648;Ragdoll; 1.42 ;17;female;FALSE;21; 4.3 ;seal;colorpoint;blue;FALSE;dry;30;19;USA;3.777.493;-12.241.942
649;Ragdoll;1,00;12;female;FALSE;28; 4.4 ;seal;colorpoint;blue;FALSE;wet;16;18;USA;4.071.427;-7.400.597
650;Ragdoll; 4.08 ;49;female;FALSE;26; 4.3 ;seal;tortie;blue;FALSE;wet;9;17;USA;3.889.511;-7.703.637
651;Ragdoll;-1,00;-12;male;TRUE;31; 4.4 ;brown/chocolate;colorpoint;blue;TRUE;dry;17;15;USA;3.889.511;-7.703.637
652;Ragdoll;-1,00;-12;female;FALSE;26; 3.9 ;seal;colorpoint;blue;FALSE;dry;11;17;USA;3.889.511;-7.703.637
653;Ragdoll;-1,00;-12;female;FALSE;26;4;seal;colorpoint;blue;FALSE;wet;17;19;USA;4.760.621;-12.233.207
654;Ragdoll; -4.25 ;-51;male;TRUE;28; 4.8 ;red/cream;bicolor;green;FALSE;wet;14;13;USA;4.552.345;-12.267.621
655;Ragdoll;-1083333333,00;-13;female;TRUE;21; 3.8 ;seal;bicolor;blue;FALSE;wet;22;20;USA;4.760.621;-12.233.207
656;ragdoll;-1166666667,00;-14;female;TRUE;24; 3.9 ;brown/chocolate;colorpoint;blue;FALSE;wet;34;21;USA;4.760.621;-12.233.207
657;Ragdoll; 4.75 ;57;male;TRUE;27; 4.7 ;brown/chocolate;colorpoint;blue;FALSE;dry;16;13;USA;4.071.427;-7.400.597
658;Ragdoll; 1.17 ;14;female;TRUE;26; 4.1 ;seal;colorpoint;blue;FALSE;wet;38;18;USA;41.881.832;-87.623.177
659;Ragdoll; 1.17 ;14;female;FALSE;22; 3.8 ;brown/chocolate;colorpoint;blue;FALSE;dry;4;20;Canada;45.508.888;-73.561.668
660;Ragdoll; 1.17 ;14;female;TRUE;20; 4.3 ;seal;colorpoint;green;FALSE;dry;30;15;Canada;4.542.153;-75.697.193
661;Ragdoll; 1.25 ;15;female;TRUE;26; 3.8 ;seal;tortie;blue;FALSE;dry;27;18;Canada;4.542.153;-75.697.193
662;Ragdoll; 1.25 ;15;female;TRUE;21; 3.5 ;seal;colorpoint;blue;FALSE;wet;34;17;Canada;45.508.888;-73.561.668
663;Ragdoll; 1.25 ;15;female;TRUE;27; 3.8 ;seal;colorpoint;blue;FALSE;dry;19;20;Canada;49.246.292;-123.116.226
664;Ragdoll; 1.25 ;15;male;TRUE;25; 4.7 ;brown/chocolate;colorpoint;blue;FALSE;dry;22;18;Canada;51.049.999;-114.066.666
665;Ragdoll; 1.33 ;16;female;TRUE;27; 3.6 ;seal;colorpoint;blue;TRUE;wet;38;16;Canada;51.049.999;-114.066.666
666;Ragdoll; 1.42 ;17;female;TRUE;21; 3.8 ;brown/chocolate;colorpoint;blue;FALSE;dry;29;21;Canada;45.508.888;-73.561.668
667;Ragdoll; 1.42 ;17;female;TRUE;28; 4.2 ;seal;bicolor;blue;FALSE;wet;19;21;Canada;51.049.999;-114.066.666
668;Ragdoll; 1.42 ;17;female;TRUE;27; 4.1 ;seal;bicolor;blue;FALSE;dry;36;19;Canada;4.365.107;-79.347.015
669;Ragdoll; 1.5 ;18;male;FALSE;29; 5.1 ;brown/chocolate;colorpoint;blue;FALSE;dry;3;18;UK;53.800.755;-1.549.077
670;Ragdoll; 1.5 ;18;female;TRUE;23; 3.9 ;seal;colorpoint;blue;FALSE;dry;4;20;UK;53.800.755;-1.549.077
671;; 1.5 ;18;male;TRUE;28; 4.1 ;brown/chocolate;colorpoint;blue;FALSE;dry;37;17;UK;53.408.371;-2.991.573
672;; 1.5 ;18;male;FALSE;28; 4.4 ;seal;colorpoint;blue;FALSE;wet;10;21;UK;53.800.755;-1.549.077
673;;4,00;48;female;TRUE;27; 4.5 ;seal;colorpoint;blue;FALSE;wet;23;15;UK;53.800.755;-1.549.077
674;; 3.42 ;41;male;TRUE;28; 4.9 ;brown/chocolate;colorpoint;blue;TRUE;wet;10;15;UK;53.800.755;-1.549.077
675;; 1.58 ;19;male;FALSE;28; 4.4 ;red/cream;bicolor;blue;FALSE;wet;35;19;UK;53.800.755;-1.549.077
676;; 1.58 ;19;female;TRUE;22; 4.2 ;seal;colorpoint;blue;FALSE;wet;30;18;UK;52.486.244;-1.890.401
677;; 1.58 ;19;female;FALSE;26; 4.1 ;seal;colorpoint;blue;FALSE;wet;20;20;UK;52.486.244;-1.890.401
678;; 5.67 ;68;male;TRUE;26; 4.7 ;seal;colorpoint;blue;FALSE;dry;18;15;UK;51.507.351;-0.127758
679;Ragdoll; 5.67 ;68;female;TRUE;27; 4.9 ;seal;colorpoint;green;FALSE;dry;12;16;UK;51.507.351;-0.127758
680;Ragdoll; 1.67 ;20;male;FALSE;31; 4.7 ;seal;colorpoint;blue;FALSE;wet;30;19;UK;53.800.755;-1.549.077
681;Ragdoll; 1.67 ;20;female;TRUE;20; 3.5 ;seal;tortie;blue;FALSE;wet;32;20;UK;53.480.759;-2.242.631
682;Ragdoll; 3.92 ;47;male;TRUE;28;5;seal;colorpoint;blue;FALSE;wet;2;15;UK;53.800.755;-1.549.077
683;Ragdoll; 1.75 ;21;male;FALSE;29; 4.1 ;seal;colorpoint;blue;TRUE;wet;11;17;Canada;49.246.292;-123.116.226
684;Ragdoll; 1.83 ;22;female;TRUE;28;4;seal;colorpoint;blue;FALSE;wet;25;16;Canada;49.246.292;-123.116.226
685;Ragdoll; 1.83 ;22;male;TRUE;26; 4.9 ;seal;colorpoint;blue;FALSE;dry;32;21;Canada;51.049.999;-114.066.666
686;rack doll; 1.83 ;22;female;TRUE;24; 3.8 ;seal;colorpoint;blue;FALSE;wet;4;17;Canada;4.365.107;-79.347.015
687;Ragdoll; 1.92 ;23;male;TRUE;31; 4.8 ;seal;mitted;blue;FALSE;dry;35;19;Canada;49.246.292;-123.116.226
688;Ragdoll; 4.5 ;54;male;TRUE;26; 5.1 ;seal;colorpoint;blue;FALSE;wet;12;15;Canada;51.049.999;-114.066.666
689;ragdoll;4,00;48;male;TRUE;30;5;red/cream;bicolor;green;FALSE;wet;13;15;Canada;51.049.999;-114.066.666
690;Ragdoll; 4.25 ;51;male;FALSE;30; 5.2 ;seal;colorpoint;blue;FALSE;dry;7;15;Canada;45.508.888;-73.561.668
691;Ragdoll;2,00;24;female;TRUE;21;4;brown/chocolate;colorpoint;blue;FALSE;dry;22;17;Canada;4.542.153;-75.697.193
692;Ragdoll;2,00;24;male;TRUE;27; 4.9 ;red/cream;colorpoint;green;FALSE;dry;29;15;Canada;45.508.888;-73.561.668
693;Ragdoll;2,00;24;female;TRUE;20; 3.5 ;seal;colorpoint;blue;FALSE;wet;20;15;Canada;4.542.153;-75.697.193
694;Ragdoll;2,00;24;female;TRUE;23; 3.9 ;brown/chocolate;colorpoint;blue;FALSE;wet;22;15;USA;4.235.843;-7.105.977
695;Ragdoll; 5.17 ;62;female;TRUE;26; 4.7 ;seal;colorpoint;blue;FALSE;wet;13;15;USA;4.071.427;-7.400.597
696;Ragdoll; 2.08 ;25;female;;23; 4.33 ;seal;mitted;green;FALSE;wet;8;17;USA;4.235.843;-7.105.977
697;Ragdoll; 2.08 ;25;female;;21; 4.72 ;seal;colorpoint;green;FALSE;dry;34;15;USA;4.760.621;-12.233.207
698;Ragdoll; 2.08 ;25;male;;25; 6.05 ;seal;colorpoint;blue;FALSE;wet;5;15;USA;4.760.621;-12.233.207
699;Ragdoll; 2.08 ;25;female;;;;seal;colorpoint;blue;FALSE;wet;12;16;USA;4.235.843;-7.105.977
700;Ragdoll; 2.17 ;26;male;;;;seal;colorpoint;blue;FALSE;dry;23;16;USA;3.889.511;-7.703.637
701;Ragdoll; 2.17 ;26;male;;;;red/cream;colorpoint;blue;FALSE;wet;29;15;USA;3.889.511;-7.703.637
702;Ragdoll; 2.17 ;26;female;;;;seal;colorpoint;green;FALSE;dry;6;15;USA;4.235.843;-7.105.977
703;Ragdoll; 2.17 ;26;female;;;;seal;bicolor;blue;FALSE;wet;28;15;USA;3.889.511;-7.703.637
704;Ragdoll; 5.92 ;71;male;TRUE;27; 8.62 ;brown/chocolate;colorpoint;green;FALSE;dry;29;15;USA;4.235.843;-7.105.977
705;Ragdoll; 2.25 ;27;female;TRUE;25; 6.78 ;brown/chocolate;colorpoint;blue;FALSE;wet;16;16;USA;4.235.843;-7.105.977
706;Ragdoll; 2.33 ;28;female;TRUE;36; 5.3 ;seal;colorpoint;blue;FALSE;wet;12;15;USA;4.235.843;-7.105.977
707;Ragdoll; 2.33 ;28;male;TRUE;31; 6.87 ;seal;colorpoint;blue;FALSE;wet;31;15;USA;3.889.511;-7.703.637
708;Ragdoll; 2.33 ;28;female;TRUE;20; 4.7 ;brown/chocolate;colorpoint;green;FALSE;wet;24;15;USA;3.889.511;-7.703.637
709;Ragdoll; 2.33 ;28;male;TRUE;28; 6.3 ;seal;colorpoint;blue;FALSE;dry;7;15;USA;4.071.427;-7.400.597
710;rack doll; 2.42 ;29;female;TRUE;22; 5.3 ;brown/chocolate;tortie;blue;FALSE;dry;1;15;USA;4.760.621;-12.233.207
711;Ragdoll; 2.42 ;29;female;FALSE;28; 4.39 ;seal;colorpoint;blue;FALSE;wet;5;15;USA;3.929.038;-7.661.219
712;Ragdoll; 2.5 ;30;male;TRUE;27; 6.8 ;red/cream;bicolor;blue;FALSE;wet;21;15;USA;4.760.621;-12.233.207
713;Ragdoll; 2.5 ;30;male;FALSE;29; 6.77 ;seal;colorpoint;blue;FALSE;wet;3;15;USA;4.552.345;-12.267.621
714;Ragdoll; 2.5 ;30;female;TRUE;24; 4.88 ;seal;colorpoint;blue;FALSE;wet;21;17;USA;4.071.427;-7.400.597
715;Ragdoll; 2.5 ;30;male;FALSE;27; 6.72 ;seal;colorpoint;blue;FALSE;wet;8;15;USA;4.552.345;-12.267.621
716;Ragdoll; 2.58 ;31;male;TRUE;28;5;seal;colorpoint;green;FALSE;dry;14;15;USA;3.929.038;-7.661.219
717;Ragdoll; 2.67 ;32;male;TRUE;53; 6.15 ;seal;bicolor;green;FALSE;dry;32;15;USA;3.777.493;-12.241.942
718;Ragdoll; 2.67 ;32;female;TRUE;40; 4.61 ;seal;tortie;blue;TRUE;wet;22;15;USA;4.552.345;-12.267.621
719;; 2.67 ;32;female;FALSE;45; 5.31 ;seal;colorpoint;blue;FALSE;dry;22;15;USA;4.235.843;-7.105.977
720;Ragdoll; 2.67 ;32;male;FALSE;51; 5.53 ;red/cream;bicolor;blue;FALSE;wet;25;15;USA;4.071.427;-7.400.597
721;Ragdoll; 2.67 ;32;male;TRUE;52; 7.41 ;seal;colorpoint;blue;FALSE;wet;5;15;USA;4.235.843;-7.105.977
722;Ragdoll; 2.75 ;33;female;FALSE;43; 4.65 ;brown/chocolate;mitted;green;FALSE;wet;21;17;USA;4.071.427;-7.400.597
723;Ragdoll; 2.75 ;33;female;TRUE;47; 4.63 ;seal;colorpoint;blue;FALSE;dry;34;17;USA;3.889.511;-7.703.637
724;Ragdoll; 2.75 ;33;female;FALSE;48;6;brown/chocolate;bicolor;green;FALSE;wet;15;17;USA;4.235.843;-7.105.977
725;; 2.83 ;34;female;FALSE;38; 5.3 ;seal;colorpoint;blue;FALSE;wet;31;17;USA;3.889.511;-7.703.637
726;Ragdoll; 2.83 ;34;male;TRUE;43; 5.97 ;seal;colorpoint;blue;FALSE;wet;29;15;USA;3.777.493;-12.241.942
727;Ragdoll; 2.83 ;34;male;TRUE;51; 5.67 ;seal;colorpoint;green;FALSE;wet;24;17;USA;3.889.511;-7.703.637
728;Ragdoll; 2.83 ;34;male;TRUE;49; 8.92 ;seal;colorpoint;blue;FALSE;wet;41;15;USA;3.777.493;-12.241.942
729;Ragdoll; 2.92 ;35;male;FALSE;43; 6.96 ;seal;colorpoint;blue;TRUE;wet;5;15;USA;4.235.843;-7.105.977
730;; 2.92 ;35;male;TRUE;44; 6.7 ;red/cream;bicolor;green;FALSE;dry;17;15;USA;3.889.511;-7.703.637
731;Ragdoll;3,00;36;female;TRUE;45; 6.1 ;seal;colorpoint;blue;FALSE;wet;38;15;USA;3.889.511;-7.703.637
732;Ragdoll;3,00;36;male;TRUE;55;9;seal;colorpoint;blue;FALSE;wet;12;16;USA;4.071.427;-7.400.597
733;Ragdoll;3,00;36;male;TRUE;51; 7.65 ;seal;colorpoint;blue;FALSE;dry;30;17;USA;4.071.427;-7.400.597
734;Ragdoll;3,00;36;female;FALSE;44; 5.64 ;seal;colorpoint;blue;FALSE;wet;24;15;USA;4.552.345;-12.267.621
735;Ragdoll;3,00;36;male;FALSE;50; 7.48 ;seal;colorpoint;blue;FALSE;wet;27;17;USA;4.071.427;-7.400.597
736;Ragdoll;3,00;36;male;TRUE;22; 5.5 ;brown/chocolate;colorpoint;blue;FALSE;wet;13;17;USA;41.881.832;-87.623.177
737;Ragdoll;-3083333333,00;-37;female;TRUE;41; 5.35 ;brown/chocolate;tortie;green;FALSE;wet;24;15;USA;41.881.832;-87.623.177
738;Ragdoll;-3083333333,00;-37;female;FALSE;45; 4.4 ;seal;colorpoint;blue;FALSE;wet;25;15;USA;3.777.493;-12.241.942
739;rack doll;-3083333333,00;-37;female;;39; 6.75 ;seal;colorpoint;blue;FALSE;dry;12;15;USA;4.760.621;-12.233.207
740;Ragdoll;-3166666667,00;-38;female;;38; 5.73 ;seal;colorpoint;blue;FALSE;wet;2;15;USA;4.235.843;-7.105.977
741;Ragdoll;-3166666667,00;-38;male;;43; 6.56 ;brown/chocolate;colorpoint;green;FALSE;wet;25;15;USA;41.881.832;-87.623.177
742;Ragdoll;-3166666667,00;-38;female;;48; 6.39 ;seal;colorpoint;blue;FALSE;wet;32;16;USA;41.881.832;-87.623.177
743;Ragdoll;-3166666667,00;-38;female;;47; 4.38 ;seal;colorpoint;blue;FALSE;wet;14;16;USA;4.071.427;-7.400.597
744;Ragdoll; 3.17 ;38;male;;46; 7.79 ;seal;colorpoint;blue;FALSE;dry;13;15;USA;4.071.427;-7.400.597
745;Ragdoll; 3.17 ;38;female;;39; 5.34 ;seal;colorpoint;blue;FALSE;wet;29;17;USA;3.889.511;-7.703.637
746;Ragdoll; 3.17 ;38;female;;47; 6.42 ;seal;colorpoint;blue;FALSE;wet;26;15;USA;3.889.511;-7.703.637
747;Ragdoll; 3.17 ;38;female;;41; 6.77 ;red/cream;colorpoint;green;FALSE;wet;16;15;USA;4.552.345;-12.267.621
748;Ragdoll; 3.17 ;38;female;;38; 3.98 ;seal;colorpoint;blue;TRUE;dry;22;15;USA;3.929.038;-7.661.219
749;Ragdoll; 3.25 ;39;male;TRUE;52; 6.8 ;red/cream;colorpoint;blue;FALSE;dry;1;15;USA;3.929.038;-7.661.219
750;Ragdoll; 3.25 ;39;female;FALSE;39; 4.22 ;brown/chocolate;colorpoint;blue;FALSE;wet;31;15;USA;4.552.345;-12.267.621
751;Ragdoll; 3.25 ;39;male;TRUE;31; 5.4 ;seal;colorpoint;blue;FALSE;wet;2;15;USA;4.552.345;-12.267.621
752;Ragdoll; 3.25 ;39;male;TRUE;48; 7.78 ;red/cream;bicolor;blue;FALSE;wet;16;16;USA;3.889.511;-7.703.637
753;Ragdoll; 3.25 ;39;male;TRUE;49; 7.87 ;seal;colorpoint;green;FALSE;wet;20;15;USA;3.929.038;-7.661.219
754;Ragdoll; 3.25 ;39;female;TRUE;47; 4.44 ;seal;colorpoint;blue;FALSE;dry;30;15;USA;4.235.843;-7.105.977
755;Ragdoll; 3.25 ;39;male;TRUE;30; 4.9 ;brown/chocolate;colorpoint;blue;FALSE;dry;29;15;USA;41.881.832;-87.623.177
756;Ragdoll; 3.33 ;40;male;FALSE;50; 6.3 ;brown/chocolate;colorpoint;blue;FALSE;wet;2;15;USA;3.889.511;-7.703.637
757;Ragdoll; 3.33 ;40;male;TRUE;43; 6.35 ;red/cream;colorpoint;blue;FALSE;dry;22;15;USA;4.071.427;-7.400.597
758;Ragdoll; 3.33 ;40;female;FALSE;47; 4.59 ;seal;colorpoint;blue;FALSE;dry;27;17;USA;4.071.427;-7.400.597
759;Ragdoll; 3.33 ;40;male;TRUE;53; 6.67 ;seal;colorpoint;blue;FALSE;dry;24;15;USA;4.235.843;-7.105.977
760;Ragdoll; 3.33 ;40;female;FALSE;50; 4.88 ;seal;colorpoint;green;TRUE;dry;27;15;USA;3.889.511;-7.703.637
761;Ragdoll; 3.33 ;40;female;FALSE;39; 4.72 ;seal;tortie;blue;FALSE;wet;31;16;USA;4.235.843;-7.105.977
762;rack doll; 3.33 ;40;female;TRUE;42; 6.07 ;seal;bicolor;blue;FALSE;wet;30;15;USA;4.760.621;-12.233.207
763;Ragdoll; 3.33 ;40;male;TRUE;43; 7.65 ;seal;colorpoint;blue;FALSE;dry;35;15;USA;4.071.427;-7.400.597
764;Ragdoll; 3.42 ;41;male;FALSE;50; 6.83 ;seal;colorpoint;blue;FALSE;dry;7;15;USA;4.760.621;-12.233.207
765;Ragdoll; 3.42 ;41;male;TRUE;29; 8.5 ;red/cream;colorpoint;blue;FALSE;wet;22;15;USA;4.760.621;-12.233.207
766;Ragdoll; 3.5 ;42;female;FALSE;47; 5.36 ;seal;colorpoint;green;FALSE;wet;9;15;USA;3.929.038;-7.661.219
767;Ragdoll; 3.5 ;42;male;FALSE;46; 6.79 ;brown/chocolate;colorpoint;blue;FALSE;wet;4;15;USA;3.929.038;-7.661.219
768;Ragdoll; 3.5 ;42;male;TRUE;51; 7.32 ;red/cream;colorpoint;blue;FALSE;wet;22;15;USA;3.777.493;-12.241.942
769;; 3.5 ;42;female;FALSE;40; 4.69 ;seal;colorpoint;green;FALSE;dry;17;15;France;4.361.166;387.771
770;Ragdoll; 3.58 ;43;male;TRUE;43; 6.68 ;seal;colorpoint;blue;TRUE;dry;25;17;France;44.837.789;-0.57918
771;Ragdoll; 3.58 ;43;female;TRUE;48; 3.98 ;seal;colorpoint;blue;FALSE;dry;31;15;France;44.837.789;-0.57918
772;Ragdoll; 3.58 ;43;male;FALSE;50; 8.02 ;brown/chocolate;colorpoint;blue;FALSE;wet;13;15;France;4.576.342;4.834.277
773;Ragdoll; 3.58 ;43;male;TRUE;51; 8.33 ;seal;colorpoint;green;FALSE;wet;18;16;France;4.361.166;387.771
774;Ragdoll; 3.58 ;43;male;TRUE;45; 6.79 ;red/cream;colorpoint;blue;FALSE;wet;3;15;France;48.864.716;2.349.014
775;; 3.67 ;44;female;FALSE;41; 6.32 ;seal;colorpoint;green;FALSE;wet;9;17;France;48.864.716;2.349.014
776;Ragdoll; 3.67 ;44;female;TRUE;38; 4.26 ;seal;colorpoint;blue;FALSE;wet;23;16;France;48.864.716;2.349.014
777;Ragdoll; 3.67 ;44;female;FALSE;44; 4.91 ;brown/chocolate;colorpoint;blue;FALSE;wet;6;15;France;48.864.716;2.349.014
778;; 3.75 ;45;male;TRUE;42; 6.76 ;seal;colorpoint;blue;FALSE;wet;4;17;France;47.218.371;-1.553.621
779;Ragdoll; 3.75 ;45;male;TRUE;49; 5.6 ;red/cream;bicolor;blue;FALSE;wet;31;15;France;4.576.342;4.834.277
780;Ragdoll; 3.83 ;46;male;FALSE;53; 7.54 ;seal;colorpoint;blue;FALSE;dry;6;15;USA;3.889.511;-7.703.637
781;Ragdoll; 3.83 ;46;male;TRUE;45; 7.93 ;brown/chocolate;colorpoint;blue;FALSE;wet;29;16;USA;3.929.038;-7.661.219
782;wrack doll; 3.83 ;46;female;TRUE;45; 5.22 ;seal;colorpoint;green;FALSE;dry;29;15;USA;3.929.038;-7.661.219
783;Ragdoll; 3.83 ;46;male;TRUE;46; 8.6 ;red/cream;bicolor;blue;TRUE;wet;13;17;USA;4.760.621;-12.233.207
784;Ragdoll; 3.83 ;46;female;FALSE;40; 3.74 ;seal;tortie;blue;FALSE;wet;16;16;USA;3.929.038;-7.661.219
785;Ragdoll; 3.83 ;46;female;TRUE;40; 6.89 ;seal;colorpoint;blue;FALSE;dry;7;15;USA;3.889.511;-7.703.637
786;Ragdoll; 3.92 ;47;male;TRUE;46; 8.13 ;seal;colorpoint;green;FALSE;wet;21;17;USA;4.235.843;-7.105.977
787;Ragdoll; 3.92 ;47;male;TRUE;46; 7.33 ;seal;colorpoint;green;FALSE;wet;4;15;USA;4.071.427;-7.400.597
788;Ragdoll; 3.92 ;47;female;FALSE;38; 5.81 ;seal;colorpoint;amber;FALSE;wet;21;12;USA;41.881.832;-87.623.177
789;Ragdoll;4,00;48;female;TRUE;;;seal;colorpoint;blue;FALSE;wet;13;12;USA;4.552.345;-12.267.621
790;Ragdoll; 4.08 ;49;male;TRUE;;;seal;colorpoint;blue;FALSE;wet;29;16;USA;4.235.843;-7.105.977
791;Ragdoll; 4.08 ;49;male;TRUE;;;seal;colorpoint;blue;FALSE;wet;5;17;USA;3.929.038;-7.661.219
792;Ragdoll; 4.17 ;50;female;TRUE;;;seal;colorpoint;blue;FALSE;wet;19;12;USA;4.552.345;-12.267.621
793;Ragdoll; 4.25 ;51;male;TRUE;;;seal;colorpoint;blue;TRUE;dry;30;16;USA;3.889.511;-7.703.637
794;Ragdoll; 4.33 ;52;male;TRUE;;;seal;colorpoint;green;FALSE;wet;32;16;USA;4.235.843;-7.105.977
795;Ragdoll; 4.33 ;52;male;FALSE;;;red/cream;colorpoint;blue;FALSE;wet;33;12;USA;3.889.511;-7.703.637
796;Ragdoll; 4.33 ;52;male;FALSE;;;seal;colorpoint;blue;FALSE;dry;18;15;USA;4.552.345;-12.267.621
797;Ragdoll; 4.42 ;53;male;TRUE;53; 5.7 ;red/cream;bicolor;blue;FALSE;dry;17;16;USA;3.889.511;-7.703.637
798;Ragdoll; 4.42 ;53;female;FALSE;46; 4.75 ;brown/chocolate;colorpoint;blue;FALSE;dry;8;12;USA;3.889.511;-7.703.637
799;Ragdoll; 4.42 ;53;female;FALSE;44; 5.56 ;seal;colorpoint;blue;FALSE;wet;7;12;USA;4.552.345;-12.267.621
800;Ragdoll; 4.42 ;53;female;FALSE;50; 5.09 ;seal;bicolor;green;FALSE;wet;13;12;USA;3.929.038;-7.661.219
801;Ragdoll; 4.5 ;54;female;TRUE;40; 6.93 ;seal;colorpoint;blue;FALSE;wet;3;12;USA;3.777.493;-12.241.942
802;Ragdoll; 4.5 ;54;female;FALSE;45; 6.47 ;seal;colorpoint;blue;FALSE;wet;20;16;USA;3.777.493;-12.241.942
803;Ragdoll; 4.5 ;54;female;FALSE;41; 5.38 ;seal;colorpoint;blue;FALSE;wet;9;17;USA;4.760.621;-12.233.207
804;Ragdoll; 4.58 ;55;female;FALSE;46; 5.5 ;brown/chocolate;bicolor;green;FALSE;wet;14;16;USA;4.071.427;-7.400.597
805;Ragdoll; 4.58 ;55;male;TRUE;50; 8.46 ;seal;colorpoint;green;TRUE;wet;28;17;USA;3.889.511;-7.703.637
806;Ragdoll; 4.58 ;55;male;TRUE;46; 8.05 ;seal;mitted;blue;FALSE;wet;25;16;USA;3.929.038;-7.661.219
807;Ragdoll; 4.58 ;55;female;TRUE;38; 5.71 ;red/cream;tortie;blue;FALSE;wet;27;12;USA;4.235.843;-7.105.977
808;Ragdoll; 4.58 ;55;male;TRUE;47; 8.38 ;seal;colorpoint;blue;FALSE;wet;15;12;USA;4.071.427;-7.400.597
809;Ragdoll; 4.58 ;55;female;TRUE;39; 4.23 ;seal;colorpoint;blue;FALSE;wet;18;12;USA;3.777.493;-12.241.942
810;Ragdoll; 4.58 ;55;male;FALSE;46; 6.18 ;seal;colorpoint;blue;FALSE;wet;12;12;USA;4.235.843;-7.105.977
811;Ragdoll; 4.67 ;56;male;TRUE;57; 8.54 ;seal;colorpoint;blue;FALSE;dry;22;12;USA;3.777.493;-12.241.942
812;Ragdoll; 4.67 ;56;male;TRUE;44; 6.27 ;seal;colorpoint;green;FALSE;wet;7;12;USA;4.235.843;-7.105.977
813;Ragdoll; 4.67 ;56;female;FALSE;48; 5.81 ;seal;colorpoint;blue;FALSE;wet;17;12;USA;4.071.427;-7.400.597
814;Ragdoll; 4.75 ;57;female;FALSE;42; 5.49 ;seal;colorpoint;blue;FALSE;dry;11;16;USA;4.760.621;-12.233.207
815;wrack doll; 4.75 ;57;male;TRUE;44; 5.73 ;seal;colorpoint;blue;FALSE;wet;27;15;USA;4.071.427;-7.400.597
816;Ragdoll; 4.83 ;58;female;TRUE;40; 4.44 ;seal;colorpoint;green;FALSE;wet;36;12;USA;3.889.511;-7.703.637
817;Ragdoll; 4.83 ;58;male;TRUE;52; 7.72 ;red/cream;colorpoint;blue;FALSE;wet;0;12;USA;3.889.511;-7.703.637
818;Ragdoll; 4.83 ;58;male;FALSE;43; 6.95 ;red/cream;bicolor;blue;FALSE;wet;11;12;USA;3.889.511;-7.703.637
819;Ragdoll; 4.83 ;58;male;FALSE;57; 7.98 ;seal;colorpoint;blue;FALSE;dry;31;12;USA;4.235.843;-7.105.977
820;; 4.83 ;58;female;TRUE;44; 4.21 ;brown/chocolate;colorpoint;green;FALSE;wet;35;12;USA;41.881.832;-87.623.177
821;; 4.83 ;58;male;TRUE;51; 8.14 ;seal;colorpoint;green;FALSE;dry;6;12;USA;4.235.843;-7.105.977
822;; 4.92 ;59;female;TRUE;38; 6.21 ;seal;colorpoint;blue;FALSE;wet;27;16;USA;3.889.511;-7.703.637
823;; 4.92 ;59;;;;;;;blue;FALSE;wet;14;12;USA;4.235.843;-7.105.977
824;; 4.92 ;59;;;;;;;blue;FALSE;dry;36;12;USA;3.889.511;-7.703.637
825;; 4.92 ;59;;;;;;;blue;FALSE;wet;14;12;USA;4.071.427;-7.400.597
826;; 4.92 ;59;;;;;;;blue;FALSE;wet;14;15;USA;41.881.832;-87.623.177
827;Ragdoll; 5.08 ;61;female;FALSE;40; 4.16 ;brown/chocolate;colorpoint;green;FALSE;wet;32;16;USA;3.929.038;-7.661.219
828;Ragdoll; 5.08 ;61;female;FALSE;44; 6.75 ;seal;colorpoint;blue;FALSE;dry;9;15;USA;3.777.493;-12.241.942
829;Ragdoll; 5.08 ;61;female;TRUE;48; 6.71 ;seal;colorpoint;blue;FALSE;wet;7;15;USA;3.889.511;-7.703.637
830;Ragdoll; 5.17 ;62;male;TRUE;51; 7.78 ;red/cream;colorpoint;blue;FALSE;wet;6;16;USA;3.777.493;-12.241.942
831;Ragdoll; 5.17 ;62;male;FALSE;49; 7.06 ;red/cream;colorpoint;blue;FALSE;dry;12;12;USA;4.235.843;-7.105.977
832;Ragdoll; 5.17 ;62;female;TRUE;50; 5.59 ;seal;colorpoint;green;FALSE;wet;10;17;USA;4.235.843;-7.105.977
833;Ragdoll; 5.25 ;63;female;FALSE;50; 4.88 ;brown/chocolate;colorpoint;blue;FALSE;dry;33;12;USA;4.071.427;-7.400.597
834;Ragdoll; 5.25 ;63;male;TRUE;45; 5.97 ;seal;colorpoint;blue;FALSE;dry;30;12;USA;4.760.621;-12.233.207
835;Ragdoll; 5.42 ;65;male;TRUE;61; 9.19 ;seal;colorpoint;blue;FALSE;dry;11;12;USA;3.929.038;-7.661.219
836;Ragdoll; 5.5 ;66;male;FALSE;45; 6.63 ;seal;colorpoint;blue;FALSE;dry;23;12;USA;3.889.511;-7.703.637
837;Ragdoll; 5.5 ;66;male;TRUE;48; 8.74 ;seal;colorpoint;green;FALSE;wet;10;12;USA;4.071.427;-7.400.597
838;Ragdoll; 5.5 ;66;male;TRUE;47; 7.43 ;red/cream;bicolor;blue;FALSE;dry;20;15;USA;4.760.621;-12.233.207
839;wrack doll; 5.58 ;67;male;FALSE;52; 7.3 ;red/cream;bicolor;green;FALSE;wet;1;15;Germany;48.137.154;11.576.124
840;Ragdoll; 5.58 ;67;male;TRUE;48; 6.17 ;seal;colorpoint;blue;FALSE;wet;17;15;Germany;50.110.924;8.682.127
841;Ragdoll; 5.58 ;67;female;FALSE;42; 6.52 ;seal;colorpoint;blue;FALSE;wet;9;17;Germany;51.227.741;6.773.456
842;Ragdoll; 5.58 ;67;male;FALSE;52; 7.55 ;seal;colorpoint;blue;FALSE;wet;26;12;Germany;50.110.924;8.682.127
843;Ragdoll; 5.58 ;67;male;TRUE;46; 6.17 ;seal;colorpoint;blue;FALSE;wet;15;12;Germany;50.110.924;8.682.127
844;Ragdoll; 5.67 ;68;female;FALSE;43; 5.58 ;seal;colorpoint;blue;FALSE;wet;24;12;Germany;50.110.924;8.682.127
845;Ragdoll; 5.67 ;68;female;TRUE;43; 7.21 ;seal;colorpoint;green;FALSE;wet;3;15;Germany;51.227.741;6.773.456
846;wrack doll; 5.67 ;68;male;FALSE;46; 5.62 ;red/cream;colorpoint;blue;FALSE;wet;32;12;Germany;51.227.741;6.773.456
847;Ragdoll; 5.67 ;68;male;FALSE;52; 5.94 ;red/cream;colorpoint;blue;FALSE;wet;30;12;Germany;51.227.741;6.773.456
848;Ragdoll; 5.67 ;68;male;TRUE;45; 5.87 ;seal;colorpoint;blue;FALSE;wet;14;12;Germany;52.520.008;13.404.954
849;Ragdoll; 5.67 ;68;female;TRUE;41; 4.95 ;seal;colorpoint;blue;FALSE;wet;9;12;USA;3.889.511;-7.703.637
850;Ragdoll; 5.67 ;68;male;TRUE;53; 7.12 ;red/cream;colorpoint;blue;TRUE;wet;24;17;USA;4.071.427;-7.400.597
851;Ragdoll; 5.67 ;68;female;TRUE;40; 5.49 ;seal;colorpoint;blue;FALSE;dry;26;12;USA;3.889.511;-7.703.637
852;Ragdoll; 5.75 ;69;male;FALSE;48; 5.73 ;seal;colorpoint;blue;FALSE;wet;10;12;USA;4.071.427;-7.400.597
853;Ragdoll; 5.75 ;69;male;TRUE;43; 7.13 ;seal;bicolor;amber;FALSE;wet;12;12;USA;4.071.427;-7.400.597
854;Ragdoll; 5.83 ;70;female;TRUE;39; 6.9 ;seal;mitted;blue;FALSE;wet;2;16;USA;41.881.832;-87.623.177
855;Ragdoll; 5.83 ;70;male;TRUE;44; 8.59 ;seal;colorpoint;blue;FALSE;wet;10;12;USA;41.881.832;-87.623.177
856;Ragdoll; 5.83 ;70;female;FALSE;45; 7.08 ;lilac;colorpoint;blue;FALSE;wet;9;12;USA;4.235.843;-7.105.977
857;Ragdoll;6,00;72;female;TRUE;42; 6.69 ;brown/chocolate;colorpoint;blue;FALSE;wet;9;16;USA;4.071.427;-7.400.597
858;Ragdoll;6,00;72;female;FALSE;45; 3.73 ;red/cream;mitted;blue;FALSE;wet;15;16;USA;4.071.427;-7.400.597
859;Ragdoll;6,00;72;male;TRUE;44; 5.71 ;seal;colorpoint;blue;FALSE;wet;28;15;USA;3.889.511;-7.703.637
860;Ragdoll;6,00;72;male;TRUE;48; 8.97 ;seal;colorpoint;blue;FALSE;wet;17;12;USA;3.889.511;-7.703.637
861;Ragdoll;6,00;72;female;FALSE;38; 3.86 ;seal;colorpoint;green;FALSE;wet;23;16;USA;4.552.345;-12.267.621
862;Ragdoll; 6.08 ;73;female;TRUE;45; 5.84 ;seal;colorpoint;blue;FALSE;wet;30;12;USA;4.071.427;-7.400.597
863;Ragdoll; 6.08 ;73;male;TRUE;51; 7.25 ;red/cream;colorpoint;blue;FALSE;wet;18;16;USA;4.071.427;-7.400.597
864;Ragdoll; 6.08 ;73;female;FALSE;36; 5.43 ;seal;colorpoint;blue;FALSE;wet;4;12;USA;4.071.427;-7.400.597
865;wrack doll; 6.08 ;73;female;TRUE;45; 6.06 ;seal;colorpoint;blue;FALSE;wet;31;17;USA;3.889.511;-7.703.637
866;Ragdoll; 6.08 ;73;female;TRUE;42; 4.62 ;seal;colorpoint;blue;FALSE;wet;11;15;USA;3.777.493;-12.241.942
867;Ragdoll; 6.08 ;73;female;TRUE;40; 5.01 ;seal;colorpoint;green;FALSE;wet;15;16;USA;4.760.621;-12.233.207
868;Ragdoll; 6.08 ;73;male;FALSE;43; 6.22 ;seal;bicolor;blue;FALSE;wet;20;15;USA;4.071.427;-7.400.597
869;Ragdoll;-6083333333,00;-73;female;TRUE;41; 6.47 ;seal;colorpoint;blue;FALSE;dry;18;12;USA;4.552.345;-12.267.621
870;Ragdoll;-6166666667,00;-74;male;TRUE;43; 8.27 ;brown/chocolate;colorpoint;blue;FALSE;wet;5;17;UK;52.486.244;-1.890.401
871;Ragdoll;-6166666667,00;-74;male;FALSE;51; 7.25 ;seal;colorpoint;blue;FALSE;wet;15;12;UK;53.408.371;-2.991.573
872;Ragdoll;-6166666667,00;-74;female;TRUE;40; 6.84 ;seal;bicolor;blue;FALSE;dry;9;17;UK;51.507.351;-0.127758
873;Ragdoll; 6.25 ;75;female;FALSE;48; 5.26 ;red/cream;colorpoint;blue;FALSE;dry;27;12;UK;51.507.351;-0.127758
874;Ragdoll; 6.25 ;75;female;FALSE;50; 3.99 ;seal;colorpoint;blue;FALSE;wet;10;16;UK;53.408.371;-2.991.573
875;Ragdoll; 6.25 ;75;male;TRUE;44; 8.22 ;seal;colorpoint;blue;FALSE;wet;23;17;UK;51.507.351;-0.127758
876;Ragdoll; 6.25 ;75;male;FALSE;44; 7.43 ;seal;bicolor;green;FALSE;wet;12;12;UK;51.507.351;-0.127758
877;Ragdoll; 6.25 ;75;female;FALSE;48; 6.29 ;seal;colorpoint;blue;TRUE;dry;10;12;UK;53.800.755;-1.549.077
878;Ragdoll; 6.25 ;75;male;TRUE;47; 6.21 ;seal;colorpoint;blue;FALSE;dry;27;12;UK;53.408.371;-2.991.573
879;Ragdoll; 6.33 ;76;female;TRUE;38; 5.6 ;seal;tortie;blue;FALSE;wet;18;17;UK;53.480.759;-2.242.631
880;Ragdoll; 6.33 ;76;female;FALSE;47; 6.89 ;seal;colorpoint;blue;FALSE;dry;9;12;UK;51.507.351;-0.127758
881;Ragdoll; 6.5 ;78;female;TRUE;46; 6.21 ;seal;colorpoint;blue;FALSE;dry;27;12;UK;51.507.351;-0.127758
882;Ragdoll; 6.5 ;78;male;TRUE;46; 7.54 ;seal;mitted;green;FALSE;wet;1;12;UK;51.507.351;-0.127758
883;wrack doll; 6.5 ;78;female;TRUE;38; 6.93 ;brown/chocolate;tortie;blue;FALSE;wet;5;12;;;
884;Ragdoll; 6.5 ;78;male;TRUE;51; 7.31 ;seal;colorpoint;blue;FALSE;wet;22;17;;;
885;Ragdoll; 6.58 ;79;female;TRUE;48; 6.53 ;seal;tortie;blue;FALSE;dry;19;12;USA;3.777.493;-12.241.942
886;Ragdoll; 6.58 ;79;female;TRUE;38; 6.25 ;seal;colorpoint;blue;FALSE;wet;18;17;USA;4.552.345;-12.267.621
887;Ragdoll; 6.67 ;80;female;FALSE;46; 6.6 ;seal;bicolor;blue;;;3;12;Germany;52.520.008;13.404.954
888;Ragdoll; 6.67 ;80;male;TRUE;44; 6.27 ;brown/chocolate;colorpoint;blue;;;7;12;Germany;48.137.154;11.576.124
889;wrack doll; 6.75 ;81;male;TRUE;53; 7.92 ;red/cream;bicolor;green;;;18;12;Germany;50.110.924;8.682.127
890;Ragdoll; 6.75 ;81;female;TRUE;44; 4.41 ;seal;colorpoint;blue;;;6;17;Germany;52.520.008;13.404.954
891;Ragdoll; 6.83 ;82;female;FALSE;49; 4.08 ;lilac;colorpoint;blue;;;33;12;Germany;50.110.924;8.682.127
892;Ragdoll; 6.92 ;83;male;TRUE;45; 7.67 ;seal;colorpoint;blue;;;26;15;Germany;48.137.154;11.576.124
893;wrack doll;7,00;84;male;TRUE;48; 8.23 ;seal;colorpoint;blue;FALSE;wet;28;12;Germany;52.520.008;13.404.954
894;Ragdoll;7,00;84;female;FALSE;40; 5.79 ;seal;tortie;blue;FALSE;wet;5;15;Germany;52.520.008;13.404.954
895;Ragdoll;7,00;84;male;TRUE;52; 7.22 ;seal;colorpoint;green;FALSE;wet;13;17;Germany;50.110.924;8.682.127
896;Ragdoll; 7.08 ;85;male;TRUE;48; 7.18 ;brown/chocolate;colorpoint;blue;FALSE;wet;21;17;USA;4.071.427;-7.400.597
897;Ragdoll; 7.08 ;85;male;TRUE;45; 8.18 ;seal;colorpoint;blue;FALSE;wet;25;21;USA;4.235.843;-7.105.977
898;Ragdoll; 7.08 ;85;female;FALSE;48; 3.92 ;seal;mitted;blue;FALSE;dry;9;17;USA;4.552.345;-12.267.621
899;Ragdoll; 7.08 ;85;female;TRUE;31; 5.28 ;brown/chocolate;colorpoint;blue;FALSE;wet;7;16;USA;4.071.427;-7.400.597
900;Ragdoll; 7.17 ;86;female;FALSE;46; 5.04 ;seal;colorpoint;blue;FALSE;wet;34;19;USA;3.889.511;-7.703.637
901;Ragdoll; 7.17 ;86;male;TRUE;43;9;brown/chocolate;bicolor;blue;FALSE;wet;5;20;USA;4.071.427;-7.400.597
902;Ragdoll; 7.25 ;87;male;FALSE;50; 6.34 ;red/cream;colorpoint;blue;TRUE;wet;;;;4.071.427;-7.400.597
903;Ragdoll; 7.25 ;87;male;TRUE;43; 5.84 ;seal;colorpoint;green;FALSE;dry;;;;4.235.843;-7.105.977
904;Ragdoll; 7.25 ;87;female;FALSE;50; 3.66 ;seal;colorpoint;blue;FALSE;wet;;;;3.889.511;-7.703.637
905;Ragdoll; 7.33 ;88;female;TRUE;38; 6.24 ;brown/chocolate;mitted;blue;FALSE;wet;;;;4.552.345;-12.267.621
906;Ragdoll; 7.33 ;88;male;TRUE;58; 8.29 ;seal;colorpoint;blue;FALSE;wet;;;;4.071.427;-7.400.597
907;Ragdoll; 7.33 ;88;male;TRUE;47; 8.95 ;seal;colorpoint;blue;FALSE;wet;21;18;USA;4.235.843;-7.105.977
908;Ragdoll; 7.5 ;90;male;FALSE;51; 6.74 ;seal;colorpoint;blue;FALSE;wet;24;15;USA;3.889.511;-7.703.637
909;Ragdoll; 7.5 ;90;female;TRUE;50; 4.39 ;seal;colorpoint;blue;FALSE;wet;9;19;USA;4.235.843;-7.105.977
910;Ragdoll; 7.5 ;90;male;FALSE;49; 7.25 ;seal;colorpoint;blue;FALSE;dry;12;17;USA;4.235.843;-7.105.977
911;Ragdoll; 7.58 ;91;male;TRUE;45; 6.31 ;seal;colorpoint;blue;FALSE;wet;34;19;USA;3.889.511;-7.703.637
912;Ragdoll; 7.58 ;91;male;TRUE;47; 5.79 ;seal;colorpoint;blue;FALSE;wet;16;21;USA;4.552.345;-12.267.621
913;wrack doll; 7.58 ;91;male;TRUE;47; 7.73 ;seal;colorpoint;green;FALSE;dry;10;16;USA;3.889.511;-7.703.637
914;Ragdoll; 7.58 ;91;male;TRUE;43; 7.08 ;seal;colorpoint;blue;FALSE;wet;3;15;Canada;4.542.153;-75.697.193
915;Ragdoll; 7.58 ;91;male;TRUE;49; 7.91 ;seal;colorpoint;green;FALSE;wet;26;18;Canada;51.049.999;-114.066.666
916;Ragdoll; 7.67 ;92;female;TRUE;50; 5.04 ;red/cream;colorpoint;blue;FALSE;wet;7;19;Canada;51.049.999;-114.066.666
917;Ragdoll; 7.67 ;92;male;FALSE;45; 7.03 ;seal;colorpoint;blue;FALSE;wet;21;19;Canada;4.365.107;-79.347.015
918;Ragdoll; 7.67 ;92;female;TRUE;49; 4.87 ;seal;colorpoint;blue;TRUE;wet;29;18;Canada;51.049.999;-114.066.666
919;Ragdoll; 7.67 ;92;male;TRUE;62; 7.2 ;brown/chocolate;bicolor;green;FALSE;wet;13;17;Canada;51.049.999;-114.066.666
920;Ragdoll; 7.67 ;92;female;TRUE;48; 6.75 ;brown/chocolate;colorpoint;blue;FALSE;dry;27;20;Canada;49.246.292;-123.116.226
921;Ragdoll; 7.67 ;92;male;TRUE;49; 7.24 ;red/cream;colorpoint;blue;FALSE;wet;23;17;Canada;51.049.999;-114.066.666
922;Ragdoll; 7.75 ;93;male;TRUE;49; 7.36 ;seal;colorpoint;blue;FALSE;wet;14;19;Canada;51.049.999;-114.066.666
923;Ragdoll; 7.75 ;93;female;FALSE;47; 5.91 ;seal;colorpoint;blue;FALSE;wet;28;21;Canada;45.508.888;-73.561.668
924;Ragdoll; 7.75 ;93;male;TRUE;43; 8.89 ;seal;bicolor;blue;FALSE;wet;27;19;Canada;51.049.999;-114.066.666
925;Ragdoll; 7.75 ;93;male;TRUE;63; 8.68 ;red/cream;bicolor;green;FALSE;wet;5;16;Canada;51.049.999;-114.066.666
926;Ragdoll; 7.75 ;93;female;TRUE;38; 5.52 ;seal;colorpoint;blue;FALSE;wet;13;16;Canada;45.508.888;-73.561.668
927;Ragdoll; 7.75 ;93;male;FALSE;48; 7.72 ;seal;bicolor;blue;FALSE;wet;26;17;Canada;4.365.107;-79.347.015
928;Ragdoll; 7.83 ;94;female;FALSE;44; 7.07 ;brown/chocolate;colorpoint;blue;FALSE;dry;2;15;Canada;45.508.888;-73.561.668
929;Ragdoll; 7.83 ;94;male;TRUE;50; 6.42 ;brown/chocolate;bicolor;green;FALSE;wet;13;18;USA;4.071.427;-7.400.597
930;Ragdoll; 7.83 ;94;female;TRUE;38; 6.2 ;seal;colorpoint;blue;FALSE;wet;0;18;USA;4.760.621;-12.233.207
931;Ragdoll; 7.92 ;95;female;FALSE;48; 4.65 ;brown/chocolate;colorpoint;blue;FALSE;wet;18;16;USA;4.235.843;-7.105.977
932;Ragdoll; 7.92 ;95;male;FALSE;49; 6.28 ;seal;colorpoint;green;FALSE;wet;34;18;USA;3.929.038;-7.661.219
933;Ragdoll;8,00;96;male;TRUE;45; 7.67 ;seal;colorpoint;blue;FALSE;wet;15;20;USA;4.235.843;-7.105.977
934;Ragdoll;8,00;96;male;TRUE;46; 7.62 ;brown/chocolate;colorpoint;blue;FALSE;wet;19;18;USA;3.777.493;-12.241.942
935;Ragdoll;8,00;96;female;TRUE;41; 5.77 ;seal;colorpoint;blue;FALSE;wet;30;19;USA;3.929.038;-7.661.219
936;Ragdoll;8,00;96;male;TRUE;48; 6.58 ;seal;colorpoint;blue;FALSE;dry;18;16;USA;4.235.843;-7.105.977
937;Ragdoll; 7.83 ;94;female;TRUE;45; 3.98 ;seal;colorpoint;blue;FALSE;dry;19;21;USA;3.889.511;-7.703.637
938;Ragdoll;8,00;96;female;TRUE;48; 4.28 ;seal;bicolor;blue;FALSE;wet;31;16;USA;41.881.832;-87.623.177
939;Ragdoll; 8.08 ;97;male;FALSE;51; 7.66 ;seal;colorpoint;blue;FALSE;wet;10;19;USA;4.235.843;-7.105.977
940;Ragdoll; 7.92 ;95;female;TRUE;47; 6.73 ;seal;colorpoint;green;FALSE;wet;27;15;USA;4.552.345;-12.267.621
941;Ragdoll; 8.08 ;97;male;TRUE;47; 8.41 ;red/cream;colorpoint;blue;FALSE;dry;10;19;USA;4.235.843;-7.105.977
942;Ragdoll; 8.17 ;98;female;TRUE;38; 6.99 ;seal;tortie;blue;FALSE;dry;2;16;USA;3.889.511;-7.703.637
943;Ragdoll; 8.17 ;98;male;FALSE;53; 8.38 ;seal;colorpoint;blue;FALSE;wet;28;20;USA;4.760.621;-12.233.207
944;Ragdoll; 8.17 ;98;male;TRUE;44; 8.59 ;seal;colorpoint;blue;FALSE;wet;36;19;USA;4.071.427;-7.400.597
945;Ragdoll; 8.17 ;98;male;FALSE;48; 5.74 ;seal;colorpoint;blue;FALSE;dry;22;20;USA;4.235.843;-7.105.977
946;Ragdoll; 8.17 ;98;female;FALSE;44; 6.16 ;brown/chocolate;colorpoint;blue;FALSE;dry;28;20;USA;3.929.038;-7.661.219
947;Ragdoll; 8.17 ;98;male;TRUE;50; 8.7 ;red/cream;colorpoint;blue;FALSE;wet;8;19;USA;41.881.832;-87.623.177
948;Ragdoll; 8.25 ;99;male;TRUE;46; 9.07 ;seal;colorpoint;blue;FALSE;dry;7;16;USA;4.760.621;-12.233.207
949;Ragdoll; 8.25 ;99;female;TRUE;39; 5.03 ;seal;bicolor;blue;FALSE;wet;10;19;USA;4.235.843;-7.105.977
950;Ragdoll; 8.25 ;99;male;TRUE;44; 6.76 ;seal;colorpoint;green;FALSE;wet;26;19;USA;4.552.345;-12.267.621
951;Ragdoll; 8.42 ;101;male;FALSE;53; 5.99 ;seal;colorpoint;blue;FALSE;dry;13;17;USA;4.235.843;-7.105.977
952;Ragdoll; 8.42 ;101;female;TRUE;41; 5.7 ;brown/chocolate;colorpoint;blue;FALSE;dry;29;20;USA;4.235.843;-7.105.977
953;Ragdoll; 8.5 ;102;female;TRUE;47; 5.86 ;brown/chocolate;colorpoint;blue;FALSE;dry;9;20;USA;4.071.427;-7.400.597
954;Ragdoll; 8.5 ;102;male;TRUE;45; 8.45 ;seal;colorpoint;blue;FALSE;wet;21;20;USA;4.235.843;-7.105.977
955;Ragdoll; 8.5 ;102;male;TRUE;52; 8.33 ;seal;colorpoint;blue;FALSE;wet;22;17;USA;3.777.493;-12.241.942
956;Ragdoll; 8.58 ;103;female;FALSE;50; 5.51 ;seal;colorpoint;blue;FALSE;wet;32;18;USA;4.235.843;-7.105.977
957;Ragdoll; 8.58 ;103;female;TRUE;44; 5.7 ;seal;colorpoint;blue;FALSE;wet;12;20;USA;3.929.038;-7.661.219
958;Ragdoll; 8.58 ;103;male;FALSE;46; 6.61 ;brown/chocolate;colorpoint;blue;FALSE;wet;14;19;USA;3.889.511;-7.703.637
959;Ragdoll; 8.58 ;103;male;FALSE;53; 6.37 ;brown/chocolate;colorpoint;green;FALSE;wet;34;18;USA;3.889.511;-7.703.637
960;Ragdoll; 4.58 ;55;female;TRUE;46; 4.37 ;seal;tortie;blue;FALSE;wet;13;12;USA;3.889.511;-7.703.637
961;Ragdoll; 8.67 ;104;female;TRUE;48; 6.46 ;seal;tortie;blue;FALSE;wet;20;18;USA;4.071.427;-7.400.597
962;Ragdoll; 8.75 ;105;female;FALSE;43; 6.1 ;seal;colorpoint;blue;FALSE;wet;15;20;USA;3.889.511;-7.703.637
963;Ragdoll; 8.75 ;105;male;FALSE;50; 6.79 ;seal;colorpoint;blue;FALSE;wet;33;21;USA;4.071.427;-7.400.597
964;Ragdoll; 4.5 ;54;female;TRUE;45; 4.33 ;seal;tortie;blue;FALSE;wet;26;15;USA;3.889.511;-7.703.637
965;Ragdoll; 8.75 ;105;female;TRUE;38; 6.04 ;seal;colorpoint;blue;TRUE;wet;30;19;USA;4.235.843;-7.105.977
966;Ragdoll; 8.75 ;105;female;FALSE;43; 6.4 ;seal;colorpoint;blue;FALSE;wet;18;18;USA;4.760.621;-12.233.207
967;Ragdoll; 5.58 ;67;female;FALSE;45; 4.31 ;seal;colorpoint;blue;FALSE;dry;16;12;USA;3.929.038;-7.661.219
968;Ragdoll; 8.83 ;106;female;FALSE;41; 5.72 ;seal;bicolor;blue;FALSE;wet;11;20;USA;3.889.511;-7.703.637
969;Ragdoll; 8.92 ;107;male;TRUE;44; 5.82 ;seal;colorpoint;blue;FALSE;wet;25;20;USA;3.929.038;-7.661.219
970;Ragdoll; 8.92 ;107;male;TRUE;52; 7.18 ;red/cream;colorpoint;blue;FALSE;wet;19;19;USA;4.760.621;-12.233.207
971;Ragdoll; 8.92 ;107;male;TRUE;55; 9.13 ;seal;colorpoint;green;FALSE;wet;15;18;USA;41.881.832;-87.623.177
972;Ragdoll; 8.92 ;107;female;FALSE;43; 6.82 ;seal;colorpoint;blue;FALSE;wet;13;18;USA;3.777.493;-12.241.942
973;Ragdoll;9,00;108;male;TRUE;45; 6.66 ;seal;bicolor;blue;FALSE;wet;8;19;USA;4.552.345;-12.267.621
974;Ragdoll;9,00;108;male;FALSE;52; 7.99 ;red/cream;colorpoint;blue;FALSE;wet;25;17;USA;3.889.511;-7.703.637
975;Ragdoll;9,00;108;female;FALSE;47; 6.36 ;seal;colorpoint;blue;FALSE;wet;30;19;USA;3.889.511;-7.703.637
976;Ragdoll;9,00;108;male;TRUE;43; 6.42 ;red/cream;colorpoint;blue;FALSE;wet;20;17;USA;3.889.511;-7.703.637
977;Ragdoll; 9.08 ;109;male;FALSE;46; 5.72 ;seal;colorpoint;blue;FALSE;wet;21;18;USA;3.777.493;-12.241.942
978;Ragdoll; 5.08 ;61;female;TRUE;38; 4.37 ;seal;tortie;green;FALSE;wet;18;17;USA;3.889.511;-7.703.637
979;Ragdoll; 9.08 ;109;male;TRUE;47; 7.91 ;seal;colorpoint;blue;FALSE;dry;8;20;USA;3.889.511;-7.703.637
980;Ragdoll; 9.08 ;109;male;FALSE;46; 6.15 ;brown/chocolate;colorpoint;blue;FALSE;wet;13;21;USA;4.071.427;-7.400.597
981;Ragdoll; 9.17 ;110;female;TRUE;49; 5.73 ;red/cream;colorpoint;blue;FALSE;wet;30;17;USA;4.235.843;-7.105.977
982;Ragdoll; 9.17 ;110;male;TRUE;46; 5.84 ;seal;colorpoint;blue;FALSE;wet;23;18;USA;4.552.345;-12.267.621
983;Ragdoll; 9.17 ;110;male;TRUE;50; 7.52 ;brown/chocolate;colorpoint;green;FALSE;wet;29;18;USA;4.760.621;-12.233.207
984;Ragdoll; 2.67 ;32;female;FALSE;38; 4.59 ;seal;colorpoint;blue;FALSE;wet;8;12;USA;3.889.511;-7.703.637
985;Ragdoll; 9.25 ;111;female;FALSE;48; 3.71 ;seal;bicolor;blue;FALSE;wet;15;18;USA;3.889.511;-7.703.637
986;Ragdoll; 9.25 ;111;female;FALSE;48; 6.11 ;seal;colorpoint;green;FALSE;dry;14;20;USA;4.235.843;-7.105.977
987;Ragdoll; 9.25 ;111;male;TRUE;47; 8.61 ;seal;colorpoint;blue;FALSE;dry;6;17;USA;4.552.345;-12.267.621
988;Ragdoll; 9.25 ;111;female;TRUE;48; 5.49 ;seal;colorpoint;blue;FALSE;dry;28;20;USA;3.929.038;-7.661.219
989;Ragdoll; 9.33 ;112;male;FALSE;50; 7.16 ;brown/chocolate;colorpoint;blue;FALSE;wet;27;19;USA;4.071.427;-7.400.597
990;Ragdoll; 5.58 ;67;female;FALSE;49; 4.57 ;seal;colorpoint;blue;FALSE;wet;29;16;USA;3.889.511;-7.703.637
991;Ragdoll; 9.33 ;112;female;TRUE;39; 6.15 ;seal;colorpoint;blue;FALSE;wet;13;19;USA;4.071.427;-7.400.597
992;Ragdoll; 9.33 ;112;female;TRUE;47; 7.34 ;lilac;colorpoint;blue;FALSE;wet;11;16;USA;4.071.427;-7.400.597
993;Ragdoll; 9.42 ;113;male;TRUE;46; 8.17 ;brown/chocolate;colorpoint;blue;FALSE;wet;22;16;USA;4.071.427;-7.400.597
994;Ragdoll; 9.42 ;113;female;TRUE;38; 6.38 ;seal;colorpoint;blue;FALSE;wet;38;21;USA;3.889.511;-7.703.637
995;; 9.42 ;113;;;;;;;blue;FALSE;wet;27;17;USA;4.235.843;-7.105.977
996;; 9.42 ;113;male;TRUE;54; 9.15 ;seal;colorpoint;green;FALSE;wet;6;18;USA;3.889.511;-7.703.637
997;; 9.5 ;114;female;TRUE;48; 4.76 ;seal;colorpoint;blue;FALSE;wet;13;19;USA;4.071.427;-7.400.597
998;; 5.17 ;62;female;FALSE;40; 4.07 ;seal;colorpoint;blue;FALSE;wet;22;15;USA;3.929.038;-7.661.219
999;; 9.5 ;114;male;TRUE;58; 9.06 ;red/cream;colorpoint;blue;FALSE;wet;0;18;USA;;
1000;; 9.5 ;114;male;FALSE;53; 7.09 ;seal;colorpoint;green;FALSE;wet;21;20;USA;;
1001;; 9.58 ;115;male;TRUE;51; 7.7 ;red/cream;colorpoint;blue;FALSE;wet;23;19;USA;;
1002;; 9.58 ;115;male;TRUE;46; 5.87 ;red/cream;colorpoint;blue;FALSE;dry;29;19;USA;;
1003;; 9.58 ;115;male;FALSE;50; 6.91 ;seal;colorpoint;blue;FALSE;wet;30;16;USA;;
1004;Ragdoll; 9.58 ;115;male;TRUE;48; 8.58 ;seal;colorpoint;green;FALSE;dry;18;21;USA;;
1005;Ragdoll;4,00;48;female;TRUE;44; 3.91 ;seal;bicolor;blue;FALSE;dry;36;17;USA;;
1006;Ragdoll; 9.67 ;116;male;TRUE;43; 9.33 ;seal;colorpoint;blue;FALSE;wet;14;16;USA;;
1007;Ragdoll; 9.67 ;116;female;TRUE;38; 6.37 ;seal;colorpoint;blue;FALSE;wet;31;19;USA;;
1008;Ragdoll; 9.67 ;116;female;TRUE;42; 6.31 ;seal;colorpoint;blue;FALSE;wet;16;17;USA;;
1009;Ragdoll; 9.75 ;117;male;FALSE;47;6;seal;colorpoint;green;FALSE;dry;24;17;USA;;
1010;Ragdoll; 4.67 ;56;female;FALSE;47;5;seal;mitted;blue;FALSE;wet;8;12;USA;;
1011;Ragdoll; 5.58 ;67;female;FALSE;35; 5.59 ;brown/chocolate;tortie;blue;FALSE;wet;11;17;USA;3.929.038;-7.661.219
1012;Ragdoll; 9.83 ;118;male;FALSE;56; 8.4 ;seal;colorpoint;blue;FALSE;wet;18;19;USA;4.552.345;-12.267.621
1013;Ragdoll; 9.83 ;118;male;TRUE;45; 9.08 ;seal;colorpoint;green;FALSE;wet;24;17;USA;3.777.493;-12.241.942
1014;Ragdoll; 9.83 ;118;female;TRUE;41; 5.76 ;lilac;colorpoint;blue;FALSE;wet;19;16;USA;4.552.345;-12.267.621
1015;Ragdoll; 9.83 ;118;female;TRUE;44; 6.25 ;seal;colorpoint;blue;FALSE;wet;18;19;USA;4.235.843;-7.105.977
1016;Ragdoll; 4.67 ;56;female;TRUE;49; 4.62 ;seal;colorpoint;blue;TRUE;wet;24;12;USA;4.760.621;-12.233.207
1017;Ragdoll; 4.67 ;56;female;TRUE;42; 3.74 ;seal;colorpoint;blue;FALSE;wet;24;12;USA;41.881.832;-87.623.177
1018;Ragdoll; 10.83 ;130;female;TRUE;41; 6.51 ;seal;colorpoint;blue;FALSE;dry;31;18;USA;4.071.427;-7.400.597
1019;Ragdoll; 9.92 ;119;female;TRUE;33; 6.07 ;seal;colorpoint;green;FALSE;dry;4;19;USA;3.929.038;-7.661.219
1020;Ragdoll; 3.08 ;37;female;TRUE;45; 4.06 ;red/cream;bicolor;blue;FALSE;wet;16;15;USA;3.889.511;-7.703.637
1021;Ragdoll; 10.5 ;126;female;TRUE;43; 5.58 ;seal;bicolor;blue;FALSE;wet;0;19;USA;4.552.345;-12.267.621
1022;Ragdoll;10,00;120;male;TRUE;48; 7.59 ;brown/chocolate;colorpoint;blue;FALSE;dry;16;16;USA;3.777.493;-12.241.942
1023;Ragdoll; 0.08 ;1;male;FALSE;11; 0.6 ;seal;colorpoint;blue;FALSE;wet;20;21;USA;3.889.511;-7.703.637
1024;Ragdoll; 0.08 ;1;male;FALSE;12; 0.8 ;seal;colorpoint;blue;FALSE;wet;31;20;USA;41.881.832;-87.623.177
1025;Ragdoll; 0.08 ;1;male;FALSE;11; 0.7 ;seal;colorpoint;blue;FALSE;dry;40;19;USA;4.071.427;-7.400.597
1026;Ragdoll; 0.08 ;1;male;FALSE;12; 0.9 ;seal;colorpoint;blue;FALSE;wet;29;20;USA;4.760.621;-12.233.207
1027;Ragdoll; 0.08 ;1;male;FALSE;12; 0.6 ;seal;colorpoint;blue;FALSE;wet;30;22;USA;4.071.427;-7.400.597
1028;; 0.17 ;2;female;FALSE;14; 0.9 ;seal;colorpoint;blue;FALSE;wet;20;18;USA;4.071.427;-7.400.597
1029;Ragdoll; 0.08 ;1;male;FALSE;10; 0.8 ;red/cream;bicolor;blue;TRUE;dry;26;21;USA;41.881.832;-87.623.177
1030;Ragdoll; 0.17 ;2;female;FALSE;14; 1.3 ;red/cream;bicolor;blue;FALSE;wet;21;20;USA;4.071.427;-7.400.597
1031;Ragdoll; 0.08 ;1;female;FALSE;11; 0.9 ;red/cream;bicolor;blue;FALSE;wet;23;21;USA;41.881.832;-87.623.177
1032;Ragdoll; 0.08 ;1;male;FALSE;15; 0.8 ;red/cream;bicolor;blue;FALSE;dry;34;21;USA;4.235.843;-7.105.977
1033;Ragdoll; 0.08 ;1;female;FALSE;10; 0.8 ;red/cream;tortie;blue;FALSE;wet;39;21;USA;4.552.345;-12.267.621
1034;; 0.17 ;2;female;FALSE;14; 1.1 ;brown/chocolate;colorpoint;blue;FALSE;wet;35;18;USA;4.235.843;-7.105.977
1035;Ragdoll; 0.08 ;1;male;FALSE;15; 0.8 ;brown/chocolate;colorpoint;blue;FALSE;dry;39;22;USA;3.777.493;-12.241.942
1036;Ragdoll; 0.08 ;1;male;FALSE;10; 0.9 ;red/cream;colorpoint;blue;FALSE;wet;31;20;USA;4.760.621;-12.233.207
1037;Ragdoll; 0.17 ;2;female;FALSE;13; 0.8 ;red/cream;colorpoint;blue;FALSE;wet;30;18;USA;4.071.427;-7.400.597
1038;Ragdoll; 0.08 ;1;female;FALSE;13; 0.7 ;red/cream;colorpoint;blue;FALSE;wet;37;22;USA;3.929.038;-7.661.219
1039;Ragdoll; 0.17 ;2;female;FALSE;16; 0.8 ;red/cream;colorpoint;blue;TRUE;wet;34;18;USA;4.071.427;-7.400.597
1040;Ragdoll; 0.17 ;2;female;FALSE;16; 1.1 ;red/cream;tortie;blue;FALSE;dry;31;18;USA;4.235.843;-7.105.977
1041;Ragdoll; 0.17 ;2;male;FALSE;17; 1.2 ;red/cream;bicolor;blue;FALSE;wet;39;18;USA;41.881.832;-87.623.177
1042;Angora; 0.08 ;1;male;FALSE;12; 0.8 ;white;solid;blue;FALSE;wet;36;19;USA;;
1043;; 0.08 ;1;female;FALSE;13; 0.8 ;white;solid;blue;FALSE;wet;31;20;USA;;
1044;Angora; 0.17 ;2;female;FALSE;16; 0.8 ;white;solid;blue;FALSE;wet;36;20;USA;;
1045;Angora; 0.17 ;2;male;FALSE;17; 0.8 ;black;solid;blue;FALSE;dry;40;20;USA;;
1046;Angora; 0.17 ;2;male;FALSE;15; 1.1 ;white;solid;green;FALSE;wet;22;20;USA;;
1047;Angora; 0.17 ;2;female;FALSE;17; 0.9 ;white;solid;blue;FALSE;wet;38;20;USA;;
1048;; 0.08 ;1;female;FALSE;15; 0.7 ;white;solid;blue;FALSE;wet;40;22;UK;51.507.351;-0.127758
1049;Angora; 0.17 ;2;male;FALSE;14; 0.7 ;black;solid;blue;FALSE;dry;40;20;USA;4.071.427;-7.400.597
1050;Angora; 0.17 ;2;male;FALSE;15; 0.8 ;white;solid;green;FALSE;wet;38;20;USA;4.552.345;-12.267.621
1051;Angora; 0.08 ;1;female;FALSE;14; 0.7 ;white;solid;blue;TRUE;wet;37;20;USA;4.071.427;-7.400.597
1052;Angora; 0.17 ;2;female;FALSE;14; 0.7 ;white;solid;blue;FALSE;wet;32;18;Germany;50.110.924;8.682.127
1053;Angora; 0.17 ;2;female;FALSE;17; 0.8 ;white;solid;green;FALSE;wet;39;19;USA;3.777.493;-12.241.942
1054;Angora; 0.17 ;2;female;FALSE;14; 0.8 ;white;solid;blue;FALSE;dry;24;18;USA;3.889.511;-7.703.637
1055;Angora; 0.17 ;2;male;FALSE;16; 1.2 ;white;solid;blue;;wet;34;19;USA;41.881.832;-87.623.177
1056;Maine coon; 0.08 ;1;male;FALSE;15; 0.7 ;white;solid;blue;;wet;25;19;USA;3.889.511;-7.703.637
1057;Maine coon; 0.08 ;1;female;FALSE;15; 0.8 ;brown/chocolate;tabby;green;;wet;34;21;USA;4.071.427;-7.400.597
1058;Maine coon; 0.08 ;1;female;FALSE;13; 0.8 ;red/cream;tabby;blue;;wet;30;22;USA;3.929.038;-7.661.219
1059;Maine coon; 0.08 ;1;male;FALSE;15; 0.8 ;black;bicolor;green;FALSE;dry;40;21;USA;4.235.843;-7.105.977
1060;Maine coon; 0.17 ;2;male;FALSE;14; 1.2 ;red/cream;tabby;blue;FALSE;wet;38;18;USA;4.071.427;-7.400.597
1061;Maine coon; 0.08 ;1;female;FALSE;15; 0.5 ;red/cream;tortie;blue;FALSE;wet;22;21;USA;4.071.427;-7.400.597
1062;Maine coon; 0.08 ;1;female;FALSE;12; 0.8 ;brown/chocolate;tabby;green;TRUE;wet;33;20;USA;4.071.427;-7.400.597
1063;; 0.08 ;1;male;FALSE;13; 0.7 ;brown/chocolate;tabby;blue;FALSE;dry;36;19;USA;3.889.511;-7.703.637
1064;; 0.17 ;2;male;FALSE;15; 1.3 ;brown/chocolate;tabby;green;FALSE;wet;21;20;UK;53.480.759;-2.242.631
1065;; 0.17 ;2;female;FALSE;15; 1.4 ;brown/chocolate;tabby;blue;FALSE;wet;23;18;UK;53.800.755;-1.549.077
1066;; 0.17 ;2;female;FALSE;12; 0.9 ;brown/chocolate;solid;green;FALSE;wet;31;19;UK;53.480.759;-2.242.631
1067;; 0.17 ;2;female;FALSE;15; 1.2 ;white;solid;blue;FALSE;wet;35;20;UK;51.507.351;-0.127758
1068;Maine coon; 0.17 ;2;female;FALSE;17;1;black;bicolor;blue;I dont allow her outside. I'm a responsible owner;wet;36;19;UK;51.507.351;-0.127758
1069;Maine coon; 0.17 ;2;male;FALSE;14; 0.7 ;red/cream;tabby;blue;FALSE;wet;20;20;UK;51.507.351;-0.127758
1070;Maine coon; 0.17 ;2;male;FALSE;16; 1.1 ;red/cream;tabby;green;FALSE;wet;34;19;UK;52.486.244;-1.890.401
1071;Maine coon; 0.17 ;2;female;FALSE;15; 1.1 ;red/cream;solid;blue;FALSE;wet;39;20;UK;51.507.351;-0.127758
1072;Angora; 2.25 ;27;male;TRUE;25; 3.1 ;white;solid;amber;FALSE;wet;39;16;France;47.218.371;-1.553.621
1073;Angora; 2.25 ;27;male;TRUE;38; 5.3 ;white;solid;amber;FALSE;wet;39;14;Vive la France!;48.864.716;2.349.014
1074;Angora; 2.33 ;28;female;FALSE;36;4;red/cream;solid;blue;FALSE;dry;19;14;France;47.218.371;-1.553.621
1075;Angora; 2.33 ;28;female;FALSE;36; 2.4 ;white;dirty;blue;FALSE;wet;19;16;France;4.576.342;4.834.277
1076;Angora; 2.33 ;28;male;TRUE;39; 3.9 ;white;solid;blue;FALSE;wet;34;14;France;4.576.342;4.834.277
1077;Angora; 2.67 ;32;female;TRUE;38; 3.9 ;red/cream;solid;blue;FALSE;wet;37;14;France;44.837.789;-0.57918
1078;Angora; 2.67 ;32;male;FALSE;40;4;black;solid;blue;FALSE;dry;30;14;France;43.296.482;536.978
1079;Angora; 2.67 ;32;female;TRUE;34; 3.9 ;black;solid;green;TRUE;dry;21;14;France;4.576.342;4.834.277
1080;Angora; 2.92 ;35;female;TRUE;34; 4.1 ;white;solid;green;TRUE;wet;28;14;France;43.296.482;536.978
1081;Angora; 2.92 ;35;female;TRUE;32; 2.5 ;white;solid;amber;FALSE;wet;33;14;France;48.864.716;2.349.014
1082;Angora; 2.92 ;35;male;TRUE;41; 3.8 ;white;solid;amber;FALSE;wet;21;14;USA;4.071.427;-7.400.597
1083;Angora; 2.92 ;35;male;FALSE;39; 4.1 ;white;solid;blue;FALSE;wet;28;14;USA;4.071.427;-7.400.597
1084;Angora;3,00;36;male;TRUE;39; 4.4 ;white;solid;green;FALSE;dry;16;15;USA;4.071.427;-7.400.597
1085;Angora;3,00;36;male;FALSE;39; 4.8 ;white;solid;blue;FALSE;wet;44;14;USA;3.777.493;-12.241.942
1086;Angora; 3.08 ;37;male;TRUE;39; 5.1 ;red/cream;tabby;blue;FALSE;dry;25;16;USA;4.760.621;-12.233.207
1087;Ankora; 3.08 ;37;male;TRUE;38; 3.7 ;black;solid;green;TRUE;wet;25;14;USA;4.760.621;-12.233.207
1088;Ankora; 3.08 ;37;male;TRUE;40; 5.3 ;white;solid;blue;FALSE;dry;11;14;France;44.837.789;-0.57918
1089;Ankora; 3.17 ;38;female;FALSE;36;4;white;solid;amber;FALSE;wet;11;14;USA;4.071.427;-7.400.597
1090;Angora; 3.25 ;39;male;FALSE;40; 4.5 ;black;bicolor;blue;FALSE;wet;12;16;USA;4.760.621;-12.233.207
1091;Angora; 3.42 ;41;male;TRUE;41; 4.4 ;white;solid;amber;FALSE;dry;24;17;USA;4.552.345;-12.267.621
1092;Angora; 3.5 ;42;male;TRUE;39; 4.8 ;black;solid;blue;FALSE;wet;15;16;USA;4.552.345;-12.267.621
1093;Angora; 3.58 ;43;female;TRUE;34; 3.3 ;white;solid;blue;FALSE;wet;20;14;USA;41.881.832;-87.623.177
1094;Angora; 3.67 ;44;male;FALSE;39; 4.5 ;white;solid;amber;FALSE;wet;23;14;USA;4.760.621;-12.233.207
1095;Angora; 3.67 ;44;male;FALSE;37; 4.6 ;white;solid;amber;FALSE;wet;32;14;France;4.361.166;387.771
1096;Angora; 3.75 ;45;male;TRUE;43; 3.9 ;white;solid;blue;FALSE;wet;38;14;USA;3.929.038;-7.661.219
1097;Angora; 3.83 ;46;male;FALSE;37; 4.1 ;white;solid;green;FALSE;wet;38;16;USA;3.889.511;-7.703.637
1098;Angora; 3.83 ;46;male;TRUE;40; 4.8 ;black;bicolor;amber;TRUE;wet;11;15;USA;4.071.427;-7.400.597
1099;Angora; 4.17 ;50;female;TRUE;35; 2.8 ;white;solid;amber;TRUE;dry;28;14;USA;4.552.345;-12.267.621
1100;Angora; -4.25 ;-51;male;TRUE;37; 4.6 ;white;solid;amber;FALSE;dry;36;14;France;4.576.342;4.834.277
1101;Angora;-4333333333,00;-52;female;TRUE;34; 4.3 ;white;solid;cute;FALSE;wet;37;16;USA;4.235.843;-7.105.977
1102;Angora;-4333333333,00;-52;female;TRUE;35; 3.8 ;black;solid;amber;FALSE;wet;30;14;USA;4.552.345;-12.267.621
1103;Angora;-4333333333,00;-52;female;TRUE;32; 2.4 ;white;solid;blue;FALSE;wet;40;14;USA;4.760.621;-12.233.207
